2020 National Employment Matrix title,Typical education needed for entry,Less than high school diploma,High school diploma or equivalent,"Some college, no degree",Associates degree,Bachelors degree,Masters degree,Doctoral or professional degree
Chief executives(1),Bachelors degree,1.5,8.3,14.2,5.1,40.5,23.7,6.7
General and operations managers,Bachelors degree,2.6,17.0,24.8,9.8,33.0,11.1,1.6
Legislators(1),Bachelors degree,1.5,8.3,14.2,5.1,40.5,23.7,6.7
Advertising and promotions managers,Bachelors degree,0.8,3.9,10.8,6.0,63.6,12.8,2.1
Marketing managers,Bachelors degree,0.7,3.8,9.3,5.0,55.8,23.5,2.0
Sales managers,Bachelors degree,1.3,10.8,19.6,9.0,46.2,11.9,1.2
Public relations and fundraising managers,Bachelors degree,0.2,3.0,5.2,4.3,54.6,28.7,3.9
Administrative services and facilities managers(1),Bachelors degree,2.4,18.1,23.8,12.0,31.6,10.6,1.5
Computer and information systems managers,Bachelors degree,0.4,4.1,13.1,7.7,45.8,25.9,2.9
Financial managers,Bachelors degree,1.0,10.1,17.5,7.3,42.1,19.6,2.3
Industrial production managers,Bachelors degree,4.1,20.4,20.3,8.9,32.5,12.5,1.3
Purchasing managers,Bachelors degree,1.3,11.4,16.9,8.2,40.7,18.7,2.7
"Transportation, storage, and distribution managers",High school diploma or equivalent,5.9,29.4,25.6,9.9,22.1,6.5,0.6
Compensation and benefits managers,Bachelors degree,0.6,8.5,15.0,5.6,49.3,18.8,2.3
Human resources managers,Bachelors degree,2.1,9.9,16.0,7.6,40.7,20.9,2.8
Training and development managers,Bachelors degree,1.0,7.2,15.3,7.2,39.8,25.3,4.3
"Farmers, ranchers, and other agricultural managers",High school diploma or equivalent,10.8,32.5,19.6,11.3,21.3,3.6,1.0
Construction managers,Bachelors degree,6.6,26.6,22.9,9.1,27.9,5.9,1.0
"Education and childcare administrators, preschool and daycare(1)",Bachelors degree,0.7,4.9,7.2,4.4,25.3,43.3,14.3
"Education administrators, kindergarten through secondary(1)",Masters degree,0.7,4.9,7.2,4.4,25.3,43.3,14.3
"Education administrators, postsecondary(1)",Masters degree,0.7,4.9,7.2,4.4,25.3,43.3,14.3
"Education administrators, all other(1)",Bachelors degree,0.7,4.9,7.2,4.4,25.3,43.3,14.3
Architectural and engineering managers,Bachelors degree,0.4,4.3,7.0,4.8,47.1,30.6,5.8
Food service managers,High school diploma or equivalent,9.2,28.5,26.2,9.9,21.9,3.5,0.7
Gambling managers(1),High school diploma or equivalent,2.8,17.8,27.3,11.0,28.8,11.5,0.9
Lodging managers,High school diploma or equivalent,4.8,16.7,23.0,10.0,36.1,8.0,1.4
Medical and health services managers,Bachelors degree,1.3,8.4,15.1,11.6,30.9,25.3,7.4
Natural sciences managers,Bachelors degree,0.4,2.8,3.7,3.9,33.8,34.8,20.6
Postmasters and mail superintendents(1),High school diploma or equivalent,3.3,15.3,18.2,7.7,34.5,17.3,3.7
"Property, real estate, and community association managers",High school diploma or equivalent,3.9,19.0,24.0,9.9,31.7,9.0,2.4
Social and community service managers,Bachelors degree,1.0,7.4,13.0,5.7,38.9,28.6,5.4
Emergency management directors,Bachelors degree,0.1,8.0,14.9,9.4,38.2,27.4,2.1
Funeral home managers(1),Associates degree,3.3,15.3,18.2,7.7,34.5,17.3,3.7
"Personal service managers, all other; entertainment and recreation managers, except gambling; and managers, all other(1)",Bachelors degree,3.0,14.1,17.5,7.5,36.1,18.2,3.5
"Agents and business managers of artists, performers, and athletes",Bachelors degree,2.7,9.3,19.7,5.8,46.1,11.8,4.7
Buyers and purchasing agents(1),Bachelors degree,2.8,19.9,24.1,10.2,34.2,8.0,0.8
"Claims adjusters, examiners, and investigators(1)",High school diploma or equivalent,1.0,13.9,23.6,11.1,40.5,7.9,2.0
"Insurance appraisers, auto damage(1)",Postsecondary nondegree award,1.0,13.9,23.6,11.1,40.5,7.9,2.0
Compliance officers,Bachelors degree,1.2,8.7,16.4,8.9,40.5,18.1,6.2
Cost estimators,Bachelors degree,3.1,21.2,27.4,11.3,31.3,5.3,0.4
Human resources specialists(1),Bachelors degree,1.0,8.6,17.6,8.1,45.7,17.0,2.0
Farm labor contractors(1),No formal educational credential,1.0,8.6,17.6,8.1,45.7,17.0,2.0
Labor relations specialists(1),Bachelors degree,1.0,8.6,17.6,8.1,45.7,17.0,2.0
Logisticians,Bachelors degree,2.3,17.0,23.9,13.3,32.1,10.4,1.0
Management analysts,Bachelors degree,0.8,4.5,11.1,4.9,43.0,29.1,6.6
"Meeting, convention, and event planners",Bachelors degree,1.5,9.1,14.5,8.0,54.3,11.9,0.6
Fundraisers,Bachelors degree,0.4,2.1,6.1,2.2,51.5,33.4,4.3
"Compensation, benefits, and job analysis specialists",Bachelors degree,0.6,13.5,20.1,12.1,41.0,10.9,1.7
Training and development specialists,Bachelors degree,1.8,13.0,21.8,9.7,33.9,17.3,2.5
Market research analysts and marketing specialists,Bachelors degree,0.6,5.0,10.5,4.6,54.2,22.3,2.9
"Project management specialists and business operations specialists, all other(1)",Bachelors degree,1.0,7.6,14.6,7.5,44.0,22.4,3.0
Accountants and auditors,Bachelors degree,0.0,3.0,5.5,8.0,57.0,23.4,3.0
Property appraisers and assessors,Bachelors degree,0.7,10.3,24.2,9.2,43.9,9.1,2.6
Budget analysts,Bachelors degree,0.4,5.7,9.7,6.0,43.7,31.9,2.6
Credit analysts,Bachelors degree,0.8,10.7,12.5,8.2,49.8,16.1,1.8
Personal financial advisors,Bachelors degree,0.5,3.3,9.4,4.2,53.5,23.3,5.7
Insurance underwriters,Bachelors degree,1.1,9.7,17.9,8.4,50.5,10.2,2.2
Financial examiners,Bachelors degree,0.3,6.4,6.4,5.9,52.2,24.4,4.5
Credit counselors(1),Bachelors degree,0.9,13.1,21.7,10.4,42.3,10.5,1.0
Loan officers(1),Bachelors degree,0.9,13.1,21.7,10.4,42.3,10.5,1.0
"Tax examiners and collectors, and revenue agents",Bachelors degree,1.3,17.0,21.8,10.2,36.3,10.8,2.6
Tax preparers,High school diploma or equivalent,2.5,10.7,21.2,11.1,32.7,15.9,5.9
"Financial and investment analysts, financial risk specialists, and financial specialists, all other(1)",Bachelors degree,0.6,4.1,8.2,3.5,49.7,30.3,3.6
Computer systems analysts,Bachelors degree,0.4,5.2,12.7,8.0,47.5,23.4,2.8
Information security analysts,Bachelors degree,0.8,4.2,16.4,10.1,42.8,23.7,2.0
Computer and information research scientists,Masters degree,0.0,0.7,5.0,2.2,34.8,36.6,20.8
Computer network support specialists(1),Associates degree,0.9,10.4,24.5,15.5,37.1,10.4,1.2
Computer user support specialists(1),"Some college, no degree",0.9,10.4,24.5,15.5,37.1,10.4,1.2
Computer network architects,Bachelors degree,0.8,6.5,21.2,16.2,39.7,14.0,1.5
Network and computer systems administrators,Bachelors degree,0.7,6.2,22.0,16.5,41.2,12.1,1.3
Database administrators and architects(1),Bachelors degree,0.5,5.9,12.0,7.3,45.4,26.3,2.6
Computer programmers,Bachelors degree,1.0,4.9,12.2,8.0,50.2,21.1,2.5
Software developers and software quality assurance analysts and testers(1),Bachelors degree,0.4,2.0,7.4,4.2,51.0,30.8,4.3
Web developers and digital interface designers(1),Bachelors degree,0.7,5.0,14.9,9.7,54.3,14.2,1.1
"Computer occupations, all other(1)",Bachelors degree,1.0,7.7,16.7,9.9,43.1,19.6,1.9
Actuaries,Bachelors degree,0.0,0.0,2.0,0.4,62.2,23.8,11.7
Mathematicians(1),Masters degree,0.4,2.8,6.9,3.8,37.2,35.4,13.5
Operations research analysts,Bachelors degree,0.9,5.7,13.0,6.7,40.0,28.9,4.8
Statisticians(1),Masters degree,0.4,2.8,6.9,3.8,37.2,35.4,13.5
"Data scientists and mathematical science occupations, all other(1)",Bachelors degree,0.4,2.8,6.9,3.8,37.2,35.4,13.5
"Architects, except landscape and naval",Bachelors degree,0.3,1.4,4.0,2.8,45.0,37.7,8.8
Landscape architects,Bachelors degree,1.4,4.6,6.8,5.1,56.4,22.2,3.4
Cartographers and photogrammetrists(1),Bachelors degree,0.1,3.4,11.0,12.4,60.0,9.9,3.2
Surveyors(1),Bachelors degree,0.1,3.4,11.0,12.4,60.0,9.9,3.2
Aerospace engineers,Bachelors degree,0.4,1.7,5.2,3.7,49.7,32.6,6.7
Agricultural engineers(1),Bachelors degree,0.3,7.0,4.2,8.1,42.3,26.6,11.6
Bioengineers and biomedical engineers(1),Bachelors degree,0.3,7.0,4.2,8.1,42.3,26.6,11.6
Chemical engineers,Bachelors degree,0.9,3.0,5.0,3.8,58.4,21.7,7.1
Civil engineers,Bachelors degree,0.5,2.6,4.9,4.2,57.7,25.6,4.4
Computer hardware engineers,Bachelors degree,0.1,4.8,8.1,8.7,46.1,26.3,5.9
Electrical engineers(1),Bachelors degree,0.2,3.4,6.6,6.7,50.4,26.4,6.2
"Electronics engineers, except computer(1)",Bachelors degree,0.2,3.4,6.6,6.7,50.4,26.4,6.2
Environmental engineers,Bachelors degree,0.7,3.4,2.6,2.1,48.9,36.6,5.7
"Health and safety engineers, except mining safety engineers and inspectors(1)",Bachelors degree,0.9,6.4,10.5,7.8,51.9,19.7,2.8
Industrial engineers(1),Bachelors degree,0.9,6.4,10.5,7.8,51.9,19.7,2.8
Marine engineers and naval architects,Bachelors degree,2.9,10.1,9.7,3.8,53.7,18.8,0.9
Materials engineers,Bachelors degree,0.6,4.4,9.9,9.2,50.6,19.0,6.4
Mechanical engineers,Bachelors degree,0.8,4.0,6.8,8.9,54.3,21.7,3.6
"Mining and geological engineers, including mining safety engineers(1)",Bachelors degree,1.1,4.2,5.8,3.7,57.2,18.4,9.7
Nuclear engineers(1),Bachelors degree,0.6,3.0,7.1,6.9,49.4,25.7,7.4
Petroleum engineers(1),Bachelors degree,1.1,4.2,5.8,3.7,57.2,18.4,9.7
"Engineers, all other(1)",Bachelors degree,0.6,3.0,7.1,6.9,49.4,25.7,7.4
Architectural and civil drafters,Associates degree,1.7,11.1,20.7,31.9,28.2,5.6,0.7
Electrical and electronics drafters(1),Associates degree,1.5,10.7,23.6,33.0,24.1,5.5,1.7
Mechanical drafters(1),Associates degree,1.5,10.7,23.6,33.0,24.1,5.5,1.7
"Drafters, all other(1)",Associates degree,1.5,10.7,23.6,33.0,24.1,5.5,1.7
Aerospace engineering and operations technologists and technicians(1),Associates degree,4.1,24.3,30.7,20.1,17.2,2.9,0.8
Civil engineering technologists and technicians(1),Associates degree,4.1,24.3,30.7,20.1,17.2,2.9,0.8
Electrical and electronic engineering technologists and technicians,Associates degree,2.5,17.9,33.1,29.9,14.0,2.3,0.3
Electro-mechanical and mechatronics technologists and technicians(1),Associates degree,4.1,24.3,30.7,20.1,17.2,2.9,0.8
Environmental engineering technologists and technicians(1),Associates degree,4.1,24.3,30.7,20.1,17.2,2.9,0.8
Industrial engineering technologists and technicians(1),Associates degree,4.1,24.3,30.7,20.1,17.2,2.9,0.8
Mechanical engineering technologists and technicians(1),Associates degree,4.1,24.3,30.7,20.1,17.2,2.9,0.8
Surveying and mapping technicians,High school diploma or equivalent,4.6,29.8,33.4,22.4,8.1,1.2,0.5
"Calibration technologists and technicians and engineering technologists and technicians, except drafters, all other(1)",Associates degree,4.1,24.3,30.7,20.1,17.2,2.9,0.8
Animal scientists(1),Bachelors degree,0.0,0.0,0.0,0.0,60.4,26.8,12.8
Food scientists and technologists(1),Bachelors degree,0.0,0.0,0.0,0.0,60.4,26.8,12.8
Soil and plant scientists(1),Bachelors degree,0.0,0.0,0.0,0.0,60.4,26.8,12.8
Biochemists and biophysicists(1),Doctoral or professional degree,0.0,0.0,0.0,0.0,46.4,30.8,22.8
Microbiologists(1),Bachelors degree,0.0,0.0,0.0,0.0,46.4,30.8,22.8
Zoologists and wildlife biologists(1),Bachelors degree,0.0,0.0,0.0,0.0,46.4,30.8,22.8
"Biological scientists, all other(1)",Bachelors degree,0.0,0.0,0.0,0.0,46.4,30.8,22.8
Conservation scientists(1),Bachelors degree,0.0,0.0,0.0,0.0,76.2,18.7,5.1
Foresters(1),Bachelors degree,0.0,0.0,0.0,0.0,76.2,18.7,5.1
Epidemiologists(1),Masters degree,0.8,0.4,0.6,0.5,23.2,25.3,49.2
"Medical scientists, except epidemiologists(1)",Doctoral or professional degree,0.8,0.4,0.6,0.5,23.2,25.3,49.2
"Life scientists, all other(1)",Bachelors degree,0.8,0.4,0.6,0.5,23.2,25.3,49.2
Astronomers(1),Doctoral or professional degree,0.0,0.0,0.0,0.0,19.8,19.5,60.8
Physicists(1),Doctoral or professional degree,0.0,0.0,0.0,0.0,19.8,19.5,60.8
Atmospheric and space scientists,Bachelors degree,0.0,0.3,4.2,3.9,58.4,23.3,10.1
Chemists(1),Bachelors degree,0.1,1.4,2.3,1.9,51.2,22.7,20.3
Materials scientists(1),Bachelors degree,0.1,1.4,2.3,1.9,51.2,22.7,20.3
"Environmental scientists and specialists, including health",Bachelors degree,0.0,0.0,0.0,0.0,61.9,30.8,7.3
"Geoscientists, except hydrologists and geographers(1)",Bachelors degree,0.0,0.0,0.0,0.0,45.2,41.0,13.9
Hydrologists(1),Bachelors degree,0.0,0.0,0.0,0.0,45.2,41.0,13.9
"Physical scientists, all other",Bachelors degree,0.0,0.0,0.0,0.0,26.2,22.9,50.9
Economists,Masters degree,0.0,0.0,0.0,0.0,26.1,37.7,36.3
Survey researchers(1),Masters degree,0.7,1.5,6.0,4.0,32.8,38.8,16.1
"Clinical, counseling, and school psychologists(1)",Doctoral or professional degree,0.0,0.0,0.0,0.0,8.9,44.9,46.2
Industrial-organizational psychologists(1),Masters degree,0.0,0.0,0.0,0.0,8.5,39.7,51.9
"Psychologists, all other(1)",Masters degree,0.0,0.0,0.0,0.0,8.5,39.7,51.9
Sociologists(1),Masters degree,0.7,1.5,6.0,4.0,32.8,38.8,16.1
Urban and regional planners,Masters degree,0.0,0.0,0.0,0.0,43.1,52.7,4.2
Anthropologists and archeologists(1),Masters degree,0.7,1.5,6.0,4.0,32.8,38.8,16.1
Geographers(1),Bachelors degree,0.7,1.5,6.0,4.0,32.8,38.8,16.1
Historians(1),Masters degree,0.7,1.5,6.0,4.0,32.8,38.8,16.1
Political scientists(1),Masters degree,0.7,1.5,6.0,4.0,32.8,38.8,16.1
"Social scientists and related workers, all other(1)",Bachelors degree,0.7,1.5,6.0,4.0,32.8,38.8,16.1
Agricultural and food science technicians,Associates degree,9.7,24.9,21.4,15.0,22.9,4.5,1.6
Biological technicians,Bachelors degree,4.1,18.1,19.8,17.5,27.5,8.6,4.4
Chemical technicians,Associates degree,2.8,24.1,22.9,11.2,31.3,5.4,2.3
"Environmental science and protection technicians, including health(1)",Associates degree,2.3,20.6,21.4,12.5,34.0,7.8,1.5
Geological and hydrologic technicians(1),Associates degree,2.3,20.6,21.4,12.5,34.0,7.8,1.5
Nuclear technicians(1),Associates degree,2.3,20.6,21.4,12.5,34.0,7.8,1.5
Social science research assistants(1),Bachelors degree,2.9,14.5,23.5,13.7,31.1,10.9,3.5
Forest and conservation technicians(1),Associates degree,2.9,14.5,23.5,13.7,31.1,10.9,3.5
Forensic science technicians(1),Bachelors degree,2.9,14.5,23.5,13.7,31.1,10.9,3.5
"Life, physical, and social science technicians, all other(1)",Associates degree,2.8,15.2,23.2,13.5,31.5,10.5,3.2
Occupational health and safety specialists(1),Bachelors degree,1.9,16.8,19.8,9.6,35.6,14.9,1.4
Occupational health and safety technicians(1),High school diploma or equivalent,1.9,16.8,19.8,9.6,35.6,14.9,1.4
"Educational, guidance, and career counselors and advisors",Masters degree,0.8,4.1,5.0,2.3,22.1,60.5,5.2
Marriage and family therapists,Masters degree,0.6,4.1,4.6,3.9,17.0,61.8,7.9
Rehabilitation counselors,Masters degree,1.4,8.6,11.7,9.7,28.4,36.6,3.6
"Substance abuse, behavioral disorder, and mental health counselors(1)",Bachelors degree,0.9,3.7,7.7,5.5,26.1,51.8,4.3
"Counselors, all other",Masters degree,1.1,7.0,10.9,5.9,26.9,41.9,6.4
"Child, family, and school social workers",Bachelors degree,1.7,5.6,9.8,6.3,38.3,36.6,1.7
Healthcare social workers,Masters degree,3.1,12.3,16.0,8.8,27.2,30.5,2.2
Mental health and substance abuse social workers,Masters degree,0.0,1.9,3.8,0.9,12.9,75.0,5.5
"Social workers, all other",Bachelors degree,1.0,3.9,7.4,5.8,41.5,38.3,2.2
Health education specialists(1),Bachelors degree,2.1,11.3,16.2,9.2,37.2,20.2,3.7
Probation officers and correctional treatment specialists,Bachelors degree,1.1,2.6,7.9,3.8,65.1,17.6,1.8
Social and human service assistants,High school diploma or equivalent,2.2,14.1,21.5,12.0,34.6,14.0,1.6
Community health workers(1),High school diploma or equivalent,2.1,11.3,16.2,9.2,37.2,20.2,3.7
"Community and social service specialists, all other(1)",Bachelors degree,2.1,11.3,16.2,9.2,37.2,20.2,3.7
Clergy,Bachelors degree,2.2,6.1,10.6,4.9,25.6,35.4,15.1
"Directors, religious activities and education",Bachelors degree,1.5,7.7,16.8,9.0,39.9,21.2,3.9
"Religious workers, all other",Bachelors degree,2.0,14.1,19.0,9.0,32.5,19.1,4.3
Lawyers(1),Doctoral or professional degree,0.2,0.5,0.7,0.4,5.5,4.0,88.6
Judicial law clerks,Doctoral or professional degree,0.0,2.8,8.5,6.2,13.8,6.1,62.6
"Administrative law judges, adjudicators, and hearing officers(1)",Doctoral or professional degree,0.2,0.5,0.7,0.4,5.5,4.0,88.6
"Arbitrators, mediators, and conciliators(1)",Bachelors degree,0.2,0.5,0.7,0.4,5.5,4.0,88.6
"Judges, magistrate judges, and magistrates(1)",Doctoral or professional degree,0.2,0.5,0.7,0.4,5.5,4.0,88.6
Paralegals and legal assistants,Associates degree,0.7,10.6,22.8,19.6,36.0,7.2,3.1
"Title examiners, abstractors, and searchers",High school diploma or equivalent,3.1,23.1,26.8,12.1,25.0,5.8,4.2
"Legal support workers, all other",Associates degree,2.1,11.1,17.2,7.9,42.8,11.7,7.2
"Business teachers, postsecondary(1)",Doctoral or professional degree,0.6,1.4,2.0,1.8,14.6,32.1,47.4
"Computer science teachers, postsecondary(1)",Doctoral or professional degree,0.6,1.4,2.0,1.8,14.6,32.1,47.4
"Mathematical science teachers, postsecondary(1)",Doctoral or professional degree,0.6,1.4,2.0,1.8,14.6,32.1,47.4
"Architecture teachers, postsecondary(1)",Doctoral or professional degree,0.6,1.4,2.0,1.8,14.6,32.1,47.4
"Engineering teachers, postsecondary(1)",Doctoral or professional degree,0.6,1.4,2.0,1.8,14.6,32.1,47.4
"Agricultural sciences teachers, postsecondary(1)",Doctoral or professional degree,0.6,1.4,2.0,1.8,14.6,32.1,47.4
"Biological science teachers, postsecondary(1)",Doctoral or professional degree,0.6,1.4,2.0,1.8,14.6,32.1,47.4
"Forestry and conservation science teachers, postsecondary(1)",Doctoral or professional degree,0.6,1.4,2.0,1.8,14.6,32.1,47.4
"Atmospheric, earth, marine, and space sciences teachers, postsecondary(1)",Doctoral or professional degree,0.6,1.4,2.0,1.8,14.6,32.1,47.4
"Chemistry teachers, postsecondary(1)",Doctoral or professional degree,0.6,1.4,2.0,1.8,14.6,32.1,47.4
"Environmental science teachers, postsecondary(1)",Doctoral or professional degree,0.6,1.4,2.0,1.8,14.6,32.1,47.4
"Physics teachers, postsecondary(1)",Doctoral or professional degree,0.6,1.4,2.0,1.8,14.6,32.1,47.4
"Anthropology and archeology teachers, postsecondary(1)",Doctoral or professional degree,0.6,1.4,2.0,1.8,14.6,32.1,47.4
"Area, ethnic, and cultural studies teachers, postsecondary(1)",Doctoral or professional degree,0.6,1.4,2.0,1.8,14.6,32.1,47.4
"Economics teachers, postsecondary(1)",Doctoral or professional degree,0.6,1.4,2.0,1.8,14.6,32.1,47.4
"Geography teachers, postsecondary(1)",Doctoral or professional degree,0.6,1.4,2.0,1.8,14.6,32.1,47.4
"Political science teachers, postsecondary(1)",Doctoral or professional degree,0.6,1.4,2.0,1.8,14.6,32.1,47.4
"Psychology teachers, postsecondary(1)",Doctoral or professional degree,0.6,1.4,2.0,1.8,14.6,32.1,47.4
"Sociology teachers, postsecondary(1)",Doctoral or professional degree,0.6,1.4,2.0,1.8,14.6,32.1,47.4
"Social sciences teachers, postsecondary, all other(1)",Doctoral or professional degree,0.6,1.4,2.0,1.8,14.6,32.1,47.4
"Health specialties teachers, postsecondary(1)",Doctoral or professional degree,0.6,1.4,2.0,1.8,14.6,32.1,47.4
"Nursing instructors and teachers, postsecondary(1)",Doctoral or professional degree,0.6,1.4,2.0,1.8,14.6,32.1,47.4
"Education teachers, postsecondary(1)",Doctoral or professional degree,0.6,1.4,2.0,1.8,14.6,32.1,47.4
"Library science teachers, postsecondary(1)",Doctoral or professional degree,0.6,1.4,2.0,1.8,14.6,32.1,47.4
"Criminal justice and law enforcement teachers, postsecondary(1)",Doctoral or professional degree,0.6,1.4,2.0,1.8,14.6,32.1,47.4
"Law teachers, postsecondary(1)",Doctoral or professional degree,0.6,1.4,2.0,1.8,14.6,32.1,47.4
"Social work teachers, postsecondary(1)",Doctoral or professional degree,0.6,1.4,2.0,1.8,14.6,32.1,47.4
"Art, drama, and music teachers, postsecondary(1)",Masters degree,0.6,1.4,2.0,1.8,14.6,32.1,47.4
"Communications teachers, postsecondary(1)",Doctoral or professional degree,0.6,1.4,2.0,1.8,14.6,32.1,47.4
"English language and literature teachers, postsecondary(1)",Doctoral or professional degree,0.6,1.4,2.0,1.8,14.6,32.1,47.4
"Foreign language and literature teachers, postsecondary(1)",Doctoral or professional degree,0.6,1.4,2.0,1.8,14.6,32.1,47.4
"History teachers, postsecondary(1)",Doctoral or professional degree,0.6,1.4,2.0,1.8,14.6,32.1,47.4
"Philosophy and religion teachers, postsecondary(1)",Doctoral or professional degree,0.6,1.4,2.0,1.8,14.6,32.1,47.4
"Family and consumer sciences teachers, postsecondary(1)",Doctoral or professional degree,0.6,1.4,2.0,1.8,14.6,32.1,47.4
"Recreation and fitness studies teachers, postsecondary(1)",Doctoral or professional degree,0.6,1.4,2.0,1.8,14.6,32.1,47.4
"Career/technical education teachers, postsecondary(1)",Bachelors degree,0.6,1.4,2.0,1.8,14.6,32.1,47.4
"Postsecondary teachers, all other(1)",Doctoral or professional degree,0.6,1.4,2.0,1.8,14.6,32.1,47.4
"Preschool teachers, except special education(1)",Associates degree,1.5,12.5,20.5,13.5,35.3,15.4,1.2
"Kindergarten teachers, except special education(1)",Bachelors degree,1.5,12.5,20.5,13.5,35.3,15.4,1.2
"Elementary school teachers, except special education(1)",Bachelors degree,0.0,0.0,3.1,2.3,43.6,46.8,4.2
"Middle school teachers, except special and career/technical education(1)",Bachelors degree,0.0,0.0,3.1,2.3,43.6,46.8,4.2
"Career/technical education teachers, middle school(1)",Bachelors degree,0.0,0.0,3.1,2.3,43.6,46.8,4.2
"Secondary school teachers, except special and career/technical education(1)",Bachelors degree,0.0,0.0,2.2,1.5,40.2,51.0,5.0
"Career/technical education teachers, secondary school(1)",Bachelors degree,0.0,0.0,2.2,1.5,40.2,51.0,5.0
"Special education teachers, preschool(1)",Bachelors degree,0.3,3.9,5.3,3.5,33.4,50.1,3.5
"Special education teachers, kindergarten and elementary school(1)",Bachelors degree,0.3,3.9,5.3,3.5,33.4,50.1,3.5
"Special education teachers, middle school(1)",Bachelors degree,0.3,3.9,5.3,3.5,33.4,50.1,3.5
"Special education teachers, secondary school(1)",Bachelors degree,0.3,3.9,5.3,3.5,33.4,50.1,3.5
"Special education teachers, all other(1)",Bachelors degree,0.3,3.9,5.3,3.5,33.4,50.1,3.5
"Adult basic education, adult secondary education, and English as a Second Language instructors(1)",Bachelors degree,2.0,10.9,17.7,8.6,36.0,20.2,4.6
Self-enrichment teachers(1),High school diploma or equivalent,2.0,10.9,17.7,8.6,36.0,20.2,4.6
"Substitute teachers, short-term(1)",Bachelors degree,2.0,10.9,17.7,8.6,36.0,20.2,4.6
"Tutors and teachers and instructors, all other(1)",Bachelors degree,1.9,9.9,16.6,8.4,37.1,21.5,4.7
Archivists(1),Masters degree,1.6,6.1,9.1,4.0,36.1,36.3,6.8
Curators(1),Masters degree,1.6,6.1,9.1,4.0,36.1,36.3,6.8
Museum technicians and conservators(1),Bachelors degree,1.6,6.1,9.1,4.0,36.1,36.3,6.8
Librarians and media collections specialists,Masters degree,0.2,2.0,7.5,4.4,23.0,57.7,5.2
Library technicians,Postsecondary nondegree award,2.0,31.8,18.5,8.1,27.5,11.0,1.0
Farm and home management educators(1),Masters degree,0.7,4.1,7.6,4.5,28.0,45.6,9.4
Instructional coordinators(1),Masters degree,0.7,4.1,7.6,4.5,28.0,45.6,9.4
"Teaching assistants, postsecondary(1)",Bachelors degree,4.2,25.7,24.4,14.4,22.8,7.1,1.4
"Teaching assistants, except postsecondary(1)","Some college, no degree",4.2,25.7,24.4,14.4,22.8,7.1,1.4
"Educational instruction and library workers, all other(1)",Bachelors degree,0.7,4.1,7.6,4.5,28.0,45.6,9.4
Art directors(1),Bachelors degree,2.7,11.6,18.9,8.2,43.6,13.4,1.6
Craft artists(1),No formal educational credential,2.7,11.6,18.9,8.2,43.6,13.4,1.6
"Fine artists, including painters, sculptors, and illustrators(1)",Bachelors degree,2.7,11.6,18.9,8.2,43.6,13.4,1.6
Special effects artists and animators(1),Bachelors degree,2.7,11.6,18.9,8.2,43.6,13.4,1.6
"Artists and related workers, all other(1)",No formal educational credential,2.7,11.6,18.9,8.2,43.6,13.4,1.6
Commercial and industrial designers,Bachelors degree,2.0,5.2,14.9,5.5,58.7,12.5,1.2
Fashion designers,Bachelors degree,2.9,7.0,12.5,13.8,54.8,7.7,1.4
Floral designers,High school diploma or equivalent,10.2,36.1,22.3,10.1,17.6,3.0,0.7
Graphic designers,Bachelors degree,1.3,5.4,13.8,12.3,58.8,7.1,1.3
Interior designers,Bachelors degree,1.2,6.3,14.4,12.2,54.0,9.5,2.4
Merchandise displayers and window trimmers,High school diploma or equivalent,3.8,31.4,26.9,7.2,24.9,5.2,0.6
Set and exhibit designers(1),Bachelors degree,1.8,7.6,16.1,13.1,45.6,13.4,2.5
"Designers, all other(1)",Bachelors degree,1.8,7.6,16.1,13.1,45.6,13.4,2.5
Actors,"Some college, no degree",2.1,14.0,16.5,5.4,47.9,13.2,0.9
Producers and directors,Bachelors degree,0.5,5.3,13.1,5.6,58.3,15.0,2.1
Athletes and sports competitors,No formal educational credential,2.3,13.7,20.6,9.7,47.8,4.7,1.2
Coaches and scouts,Bachelors degree,1.4,9.8,16.6,6.3,40.4,22.9,2.6
"Umpires, referees, and other sports officials",High school diploma or equivalent,4.3,13.8,24.6,8.1,27.3,17.9,4.0
Dancers(1),No formal educational credential,4.4,36.9,21.6,7.7,24.1,4.9,0.5
Choreographers(1),High school diploma or equivalent,4.4,36.9,21.6,7.7,24.1,4.9,0.5
Music directors and composers,Bachelors degree,1.4,7.9,15.3,4.3,41.4,24.8,4.9
Musicians and singers,No formal educational credential,4.6,13.1,22.2,5.7,30.3,19.5,4.6
"Miscellaneous entertainers and performers, sports and related workers(1)",No formal educational credential,3.6,21.3,26.6,6.8,32.7,6.3,2.8
Broadcast announcers and radio disc jockeys,Bachelors degree,2.2,12.9,21.7,10.6,42.3,9.1,1.3
"News analysts, reporters, and journalists",Bachelors degree,0.8,2.6,7.9,3.9,60.0,21.3,3.5
Public relations specialists,Bachelors degree,0.3,3.2,8.4,4.7,56.5,22.7,4.2
Editors,Bachelors degree,1.1,3.4,8.5,4.0,54.3,23.2,5.5
Technical writers,Bachelors degree,0.5,4.8,9.9,7.1,46.6,22.8,8.2
Writers and authors,Bachelors degree,0.7,3.3,8.5,3.2,49.8,26.3,8.2
Interpreters and translators,Bachelors degree,2.3,9.3,19.5,13.3,34.8,16.8,4.1
Court reporters and simultaneous captioners,Postsecondary nondegree award,1.2,14.1,32.7,37.3,11.8,1.8,1.2
"Media and communication workers, all other",High school diploma or equivalent,1.0,7.0,18.5,7.9,46.3,17.7,1.5
Audio and video technicians(1),Postsecondary nondegree award,1.8,14.2,24.4,13.6,39.0,6.1,1.0
Broadcast technicians(1),Associates degree,1.8,14.2,24.4,13.6,39.0,6.1,1.0
Sound engineering technicians(1),Postsecondary nondegree award,1.8,14.2,24.4,13.6,39.0,6.1,1.0
Photographers,High school diploma or equivalent,1.9,11.5,22.0,11.9,44.0,7.7,1.1
"Camera operators, television, video, and film(1)",Bachelors degree,1.3,8.4,18.0,8.1,54.0,9.4,0.8
Film and video editors(1),Bachelors degree,1.3,8.4,18.0,8.1,54.0,9.4,0.8
"Lighting technicians and media and communication equipment workers, all other(1)",High school diploma or equivalent,1.8,14.2,24.4,13.6,39.0,6.1,1.0
Chiropractors,Doctoral or professional degree,0.2,1.4,1.3,0.6,4.9,2.4,89.2
"Dentists, general(1)",Doctoral or professional degree,0.0,0.0,0.0,0.0,0.0,2.5,97.5
Oral and maxillofacial surgeons(1),Doctoral or professional degree,0.0,0.0,0.0,0.0,0.0,2.5,97.5
Orthodontists(1),Doctoral or professional degree,0.0,0.0,0.0,0.0,0.0,2.5,97.5
Prosthodontists(1),Doctoral or professional degree,0.0,0.0,0.0,0.0,0.0,2.5,97.5
"Dentists, all other specialists(1)",Doctoral or professional degree,0.0,0.0,0.0,0.0,0.0,2.5,97.5
Dietitians and nutritionists,Bachelors degree,2.3,9.4,6.4,3.7,41.6,29.6,6.9
Optometrists,Doctoral or professional degree,0.0,0.0,0.0,0.0,0.0,3.7,96.3
Pharmacists,Doctoral or professional degree,0.0,0.0,1.6,0.9,27.4,5.9,64.1
Physician assistants,Masters degree,0.8,2.7,2.7,3.1,17.1,58.4,15.3
Podiatrists,Doctoral or professional degree,0.0,0.0,0.0,0.0,0.0,2.3,97.7
Occupational therapists,Masters degree,0.4,0.6,0.9,4.5,35.0,52.9,5.7
Physical therapists,Doctoral or professional degree,0.4,1.0,0.9,2.9,28.1,23.0,43.8
Radiation therapists,Associates degree,0.2,0.8,8.3,34.7,45.0,7.7,3.3
Recreational therapists,Bachelors degree,2.2,15.5,9.7,4.8,53.2,12.9,1.8
Respiratory therapists,Associates degree,0.8,2.7,10.5,54.9,25.6,4.4,1.2
Speech-language pathologists,Masters degree,0.5,0.7,0.8,1.4,9.8,83.7,3.1
Exercise physiologists(1),Bachelors degree,0.4,2.9,3.6,5.6,24.4,56.0,7.1
"Therapists, all other(1)",Bachelors degree,0.4,2.9,3.6,5.6,24.4,56.0,7.1
Veterinarians,Doctoral or professional degree,0.0,0.0,0.0,0.0,0.0,2.5,97.5
Registered nurses,Bachelors degree,0.4,0.9,3.8,29.9,52.4,10.2,2.3
Nurse anesthetists,Masters degree,0.8,0.1,0.4,1.3,10.2,72.1,15.1
Nurse midwives(1),Masters degree,0.2,0.6,0.6,0.7,6.8,74.5,16.6
Nurse practitioners(1),Masters degree,0.2,0.6,0.6,0.7,6.8,74.5,16.6
Audiologists,Doctoral or professional degree,0.0,1.2,3.0,1.2,9.3,17.6,67.7
Anesthesiologists(1),Doctoral or professional degree,0.0,0.0,0.0,0.0,0.0,0.0,100.0
Family medicine physicians(1),Doctoral or professional degree,0.0,0.0,0.0,0.0,0.0,0.0,100.0
General internal medicine physicians(1),Doctoral or professional degree,0.0,0.0,0.0,0.0,0.0,0.0,100.0
Obstetricians and gynecologists(1),Doctoral or professional degree,0.0,0.0,0.0,0.0,0.0,0.0,100.0
"Pediatricians, general(1)",Doctoral or professional degree,0.0,0.0,0.0,0.0,0.0,0.0,100.0
Psychiatrists(1),Doctoral or professional degree,0.0,0.0,0.0,0.0,0.0,0.0,100.0
"Physicians, all other; and ophthalmologists, except pediatric(1)",Doctoral or professional degree,0.0,0.0,0.0,0.0,0.0,0.0,100.0
"Surgeons, except ophthalmologists(1)",Doctoral or professional degree,0.0,0.0,0.0,0.0,0.0,0.0,100.0
Dental hygienists,Associates degree,0.6,2.7,8.3,50.5,32.0,3.0,2.7
"Acupuncturists and healthcare diagnosing or treating practitioners, all other(1)",Masters degree,1.3,2.0,8.6,2.8,18.1,39.7,27.6
Clinical laboratory technologists and technicians,Bachelors degree,1.3,10.3,21.7,18.6,38.0,6.9,3.3
Cardiovascular technologists and technicians,Associates degree,2.0,15.6,25.2,16.5,28.2,11.0,1.5
Diagnostic medical sonographers,Associates degree,1.2,4.3,12.6,35.7,36.1,7.1,3.0
Nuclear medicine technologists(1),Associates degree,2.6,2.4,6.8,19.8,52.2,13.4,2.8
Radiologic technologists and technicians,Associates degree,1.1,5.0,16.1,51.8,22.3,3.0,0.8
Magnetic resonance imaging technologists,Associates degree,1.4,6.9,11.5,36.9,33.3,8.4,1.7
Emergency medical technicians and paramedics(1),Postsecondary nondegree award,0.8,12.0,42.7,23.4,16.7,2.5,1.9
Dietetic technicians(1),Associates degree,8.8,38.7,26.7,13.8,10.4,1.1,0.5
Pharmacy technicians,High school diploma or equivalent,1.1,27.3,35.5,16.9,15.8,2.4,1.0
Psychiatric technicians,Postsecondary nondegree award,0.9,14.8,29.1,12.6,33.0,8.8,0.8
Surgical technologists,Postsecondary nondegree award,1.2,12.2,32.7,40.5,11.9,1.1,0.5
Veterinary technologists and technicians,Associates degree,1.7,15.7,23.5,32.8,22.6,2.3,1.3
Ophthalmic medical technicians(1),Postsecondary nondegree award,8.8,38.7,26.7,13.8,10.4,1.1,0.5
Licensed practical and licensed vocational nurses,Postsecondary nondegree award,1.4,22.2,53.7,17.7,3.9,0.7,0.5
"Opticians, dispensing",High school diploma or equivalent,2.3,25.2,32.1,17.5,19.5,1.8,1.6
Orthotists and prosthetists(1),Masters degree,2.2,17.9,30.5,17.9,22.2,6.1,3.1
Hearing aid specialists(1),High school diploma or equivalent,2.2,17.9,30.5,17.9,22.2,6.1,3.1
"Medical dosimetrists, medical records specialists, and health technologists and technicians, all other(1)",Postsecondary nondegree award,1.4,14.8,26.0,19.7,24.5,11.1,2.4
Athletic trainers(1),Bachelors degree,1.0,5.3,12.0,8.4,34.2,34.6,4.5
Genetic counselors(1),Masters degree,1.0,5.3,12.0,8.4,34.2,34.6,4.5
"Health information technologists, medical registrars, surgical assistants, and healthcare practitioners and technical workers, all other(1)",Postsecondary nondegree award,1.0,5.3,12.0,8.4,34.2,34.6,4.5
Home health and personal care aides(1),High school diploma or equivalent,16.4,35.8,25.6,9.1,10.1,2.3,0.7
Nursing assistants,Postsecondary nondegree award,10.0,36.6,32.9,11.4,7.3,1.1,0.6
Orderlies(1),High school diploma or equivalent,5.4,30.6,34.0,13.0,13.4,3.2,0.6
Psychiatric aides(1),High school diploma or equivalent,5.4,30.6,34.0,13.0,13.4,3.2,0.6
Occupational therapy assistants(1),Associates degree,2.2,12.3,16.0,48.6,16.3,4.0,0.5
Occupational therapy aides(1),High school diploma or equivalent,2.2,12.3,16.0,48.6,16.3,4.0,0.5
Physical therapist assistants(1),Associates degree,1.5,5.3,10.4,50.5,28.1,2.6,1.7
Physical therapist aides(1),High school diploma or equivalent,1.5,5.3,10.4,50.5,28.1,2.6,1.7
Massage therapists,Postsecondary nondegree award,3.0,20.6,33.2,18.5,19.3,3.4,1.9
Dental assistants,Postsecondary nondegree award,2.9,27.0,37.3,19.8,10.2,1.2,1.7
Medical assistants,Postsecondary nondegree award,2.0,20.3,39.9,24.6,10.2,1.9,1.2
Medical equipment preparers(1),High school diploma or equivalent,6.6,30.1,30.2,12.1,15.7,3.9,1.4
Medical transcriptionists,Postsecondary nondegree award,1.2,16.4,32.3,17.1,24.3,5.2,3.5
Pharmacy aides,High school diploma or equivalent,3.8,27.5,24.8,15.4,18.9,2.3,7.1
Veterinary assistants and laboratory animal caretakers,High school diploma or equivalent,4.0,23.9,27.8,13.0,27.1,3.2,1.0
Phlebotomists,Postsecondary nondegree award,2.0,24.6,42.8,18.1,10.8,1.5,0.2
"Healthcare support workers, all other(1)",High school diploma or equivalent,6.6,30.1,30.2,12.1,15.7,3.9,1.4
First-line supervisors of correctional officers,High school diploma or equivalent,1.5,25.1,31.1,12.7,22.7,6.6,0.4
First-line supervisors of police and detectives,High school diploma or equivalent,0.4,11.8,25.2,16.1,32.1,12.9,1.5
First-line supervisors of firefighting and prevention workers,Postsecondary nondegree award,0.7,12.3,31.3,22.0,25.3,7.7,0.7
"Miscellaneous first-line supervisors, protective service workers",High school diploma or equivalent,2.1,21.6,28.8,11.9,24.7,9.2,1.7
Firefighters,Postsecondary nondegree award,0.7,14.4,37.3,22.6,21.8,2.6,0.6
Fire inspectors and investigators(1),Postsecondary nondegree award,4.0,20.7,30.1,16.7,22.2,5.0,1.3
Forest fire inspectors and prevention specialists(1),High school diploma or equivalent,4.0,20.7,30.1,16.7,22.2,5.0,1.3
Bailiffs,High school diploma or equivalent,0.7,20.0,27.0,14.0,29.1,7.0,2.3
Correctional officers and jailers,High school diploma or equivalent,0.9,30.9,34.6,14.5,16.0,2.8,0.4
Detectives and criminal investigators,High school diploma or equivalent,0.5,8.5,20.9,11.2,41.5,14.7,2.7
Fish and game wardens(1),Bachelors degree,1.1,19.5,27.3,17.1,30.6,3.9,0.6
Parking enforcement workers(1),High school diploma or equivalent,1.1,19.5,27.3,17.1,30.6,3.9,0.6
Police and sheriff's patrol officers(1),High school diploma or equivalent,0.7,12.4,30.3,17.1,32.1,6.5,0.8
Transit and railroad police(1),High school diploma or equivalent,0.7,12.4,30.3,17.1,32.1,6.5,0.8
Animal control workers,High school diploma or equivalent,2.2,30.1,33.3,10.7,21.6,1.8,0.3
Private detectives and investigators,High school diploma or equivalent,0.6,11.8,20.1,11.4,38.2,14.1,3.8
Gambling surveillance officers and gambling investigators(1),High school diploma or equivalent,5.9,35.4,30.4,10.9,13.9,3.1,0.5
Security guards(1),High school diploma or equivalent,5.9,35.4,30.4,10.9,13.9,3.1,0.5
Crossing guards and flaggers,No formal educational credential,14.7,44.5,24.5,6.5,7.9,1.4,0.6
"Lifeguards, ski patrol, and other recreational protective service workers(1)",No formal educational credential,1.9,19.0,26.2,9.9,32.4,9.4,1.2
Transportation security screeners,High school diploma or equivalent,1.8,20.5,32.4,12.7,25.4,6.4,0.8
"School bus monitors and protective service workers, all other(1)",High school diploma or equivalent,9.5,33.1,24.9,9.1,17.6,5.1,0.6
Chefs and head cooks,High school diploma or equivalent,16.2,30.3,21.6,16.2,13.5,1.7,0.6
First-line supervisors of food preparation and serving workers,High school diploma or equivalent,11.3,36.3,27.9,9.6,12.8,1.7,0.4
"Cooks, fast food(1)",No formal educational credential,27.3,41.9,18.5,6.1,5.4,0.7,0.2
"Cooks, institution and cafeteria(1)",No formal educational credential,27.3,41.9,18.5,6.1,5.4,0.7,0.2
"Cooks, private household(1)",Postsecondary nondegree award,27.3,41.9,18.5,6.1,5.4,0.7,0.2
"Cooks, restaurant(1)",No formal educational credential,27.3,41.9,18.5,6.1,5.4,0.7,0.2
"Cooks, short order(1)",No formal educational credential,27.3,41.9,18.5,6.1,5.4,0.7,0.2
"Cooks, all other(1)",No formal educational credential,27.3,41.9,18.5,6.1,5.4,0.7,0.2
Food preparation workers,No formal educational credential,24.0,40.0,20.4,6.7,7.4,1.2,0.3
Bartenders,No formal educational credential,5.4,27.3,34.1,10.8,19.7,2.2,0.5
Fast food and counter workers,No formal educational credential,14.9,38.0,25.8,7.9,11.2,1.9,0.4
Waiters and waitresses,No formal educational credential,13.3,33.2,28.4,9.1,13.7,1.9,0.4
"Food servers, nonrestaurant",No formal educational credential,14.9,41.9,23.7,7.7,9.9,1.7,0.1
Dining room and cafeteria attendants and bartender helpers,No formal educational credential,22.1,42.5,19.4,7.0,7.8,1.0,0.3
Dishwashers,No formal educational credential,36.7,42.3,13.1,3.7,3.6,0.4,0.2
"Hosts and hostesses, restaurant, lounge, and coffee shop",No formal educational credential,10.7,32.5,27.2,11.1,15.3,2.5,0.7
"Food preparation and serving related workers, all other",No formal educational credential,15.9,35.7,33.2,3.9,10.2,1.2,0.0
First-line supervisors of housekeeping and janitorial workers,High school diploma or equivalent,13.2,39.7,24.0,8.3,12.3,2.0,0.5
"First-line supervisors of landscaping, lawn service, and groundskeeping workers",High school diploma or equivalent,22.1,31.1,21.1,9.3,14.7,1.6,0.1
"Janitors and cleaners, except maids and housekeeping cleaners(1)",No formal educational credential,23.1,45.0,18.7,6.5,5.5,1.1,0.3
Maids and housekeeping cleaners,No formal educational credential,35.1,40.8,14.1,4.4,4.6,0.7,0.3
"Building cleaning workers, all other(1)",No formal educational credential,23.1,45.0,18.7,6.5,5.5,1.1,0.3
Pest control workers,High school diploma or equivalent,8.8,45.1,28.8,7.0,9.1,0.7,0.6
Landscaping and groundskeeping workers,No formal educational credential,35.5,36.0,15.6,4.8,6.6,1.2,0.2
"Pesticide handlers, sprayers, and applicators, vegetation(1)",High school diploma or equivalent,23.7,33.7,17.6,8.9,15.0,0.8,0.3
Tree trimmers and pruners,High school diploma or equivalent,32.5,40.6,12.3,5.1,7.8,1.3,0.4
"Grounds maintenance workers, all other(1)",No formal educational credential,23.7,33.7,17.6,8.9,15.0,0.8,0.3
First-line supervisors of gambling services workers(1),High school diploma or equivalent,5.3,30.8,29.1,10.3,19.9,3.6,0.9
"First-line supervisors of personal service and entertainment and recreation workers, except gambling services(1)",High school diploma or equivalent,6.5,34.2,29.5,10.7,15.5,3.1,0.6
Animal trainers,High school diploma or equivalent,7.5,25.2,23.4,8.3,29.6,4.8,1.2
Animal caretakers,High school diploma or equivalent,6.9,30.5,28.2,10.0,20.3,3.0,1.0
Gambling dealers(1),High school diploma or equivalent,9.1,34.3,28.3,9.8,15.8,1.9,0.8
Gambling and sports book writers and runners(1),High school diploma or equivalent,9.1,34.3,28.3,9.8,15.8,1.9,0.8
"Gambling service workers, all other(1)",High school diploma or equivalent,9.1,34.3,28.3,9.8,15.8,1.9,0.8
Motion picture projectionists(1),No formal educational credential,6.0,27.7,26.8,8.7,24.3,5.7,0.9
"Ushers, lobby attendants, and ticket takers",No formal educational credential,6.9,30.7,25.1,10.2,18.7,7.7,0.7
Amusement and recreation attendants(1),No formal educational credential,6.0,27.7,26.8,8.7,24.3,5.7,0.9
Costume attendants(1),High school diploma or equivalent,6.0,27.7,26.8,8.7,24.3,5.7,0.9
"Locker room, coatroom, and dressing room attendants(1)",High school diploma or equivalent,6.0,27.7,26.8,8.7,24.3,5.7,0.9
"Entertainment attendants and related workers, all other(1)",High school diploma or equivalent,6.0,27.7,26.8,8.7,24.3,5.7,0.9
Embalmers(1),Associates degree,6.3,25.3,26.8,16.8,19.7,3.8,1.4
Funeral attendants(1),High school diploma or equivalent,6.3,25.3,26.8,16.8,19.7,3.8,1.4
"Morticians, undertakers, and funeral arrangers",Associates degree,3.0,8.7,17.2,37.1,25.8,4.4,3.8
Barbers,Postsecondary nondegree award,10.4,48.0,26.8,8.4,5.5,0.8,0.1
"Hairdressers, hairstylists, and cosmetologists",Postsecondary nondegree award,6.1,43.7,31.7,11.4,5.8,1.0,0.3
"Makeup artists, theatrical and performance(1)",Postsecondary nondegree award,3.7,30.3,33.9,11.0,18.0,2.9,0.2
Manicurists and pedicurists,Postsecondary nondegree award,27.4,39.8,17.0,6.9,7.5,1.1,0.4
Shampooers(1),No formal educational credential,3.7,30.3,33.9,11.0,18.0,2.9,0.2
Skincare specialists,Postsecondary nondegree award,2.9,23.1,36.3,15.6,18.6,2.9,0.5
Baggage porters and bellhops(1),High school diploma or equivalent,8.9,32.9,29.1,9.6,16.3,2.4,0.8
Concierges(1),High school diploma or equivalent,8.9,32.9,29.1,9.6,16.3,2.4,0.8
Tour and travel guides,High school diploma or equivalent,2.6,20.7,21.6,7.3,36.1,10.5,1.2
Childcare workers,High school diploma or equivalent,11.7,32.0,25.4,11.3,15.9,3.1,0.6
Exercise trainers and group fitness instructors,High school diploma or equivalent,2.1,8.8,19.4,9.7,44.8,12.4,2.7
Recreation workers,High school diploma or equivalent,3.9,24.7,25.6,9.7,27.6,7.3,1.2
Residential advisors,High school diploma or equivalent,3.9,14.7,29.2,13.5,28.4,9.0,1.3
"Crematory operators and personal care and service workers, all other(1)",High school diploma or equivalent,9.8,27.5,27.9,9.9,19.6,4.3,1.0
First-line supervisors of retail sales workers,High school diploma or equivalent,5.6,29.1,28.4,10.2,21.6,4.2,1.0
First-line supervisors of non-retail sales workers,High school diploma or equivalent,5.1,21.0,22.5,9.1,31.7,9.2,1.4
Cashiers(1),No formal educational credential,14.3,41.1,24.6,7.7,10.3,1.8,0.3
Gambling change persons and booth cashiers(1),No formal educational credential,14.3,41.1,24.6,7.7,10.3,1.8,0.3
Counter and rental clerks,No formal educational credential,7.3,35.1,27.8,8.8,17.8,2.8,0.5
Parts salespersons,No formal educational credential,8.1,47.8,26.3,9.3,7.3,1.1,0.1
Retail salespersons,No formal educational credential,6.3,29.6,27.7,10.2,21.5,3.8,0.7
Advertising sales agents,High school diploma or equivalent,1.2,10.8,19.6,6.9,52.1,8.1,1.4
Insurance sales agents,High school diploma or equivalent,1.1,15.0,25.6,10.5,39.5,7.1,1.3
"Securities, commodities, and financial services sales agents",Bachelors degree,0.9,7.6,14.3,5.4,49.5,18.8,3.5
Travel agents,High school diploma or equivalent,3.1,19.4,27.3,11.6,31.3,5.9,1.4
"Sales representatives of services, except advertising, insurance, financial services, and travel",High school diploma or equivalent,2.0,13.6,21.6,8.0,44.3,9.4,1.1
"Sales representatives, wholesale and manufacturing, technical and scientific products(1)",Bachelors degree,2.9,17.0,22.5,8.8,40.6,7.4,0.9
"Sales representatives, wholesale and manufacturing, except technical and scientific products(1)",High school diploma or equivalent,2.9,17.0,22.5,8.8,40.6,7.4,0.9
Demonstrators and product promoters(1),No formal educational credential,8.1,29.3,27.5,11.4,17.3,5.5,0.9
Models(1),No formal educational credential,8.1,29.3,27.5,11.4,17.3,5.5,0.9
Real estate brokers(1),High school diploma or equivalent,1.3,12.2,25.7,10.1,38.5,10.0,2.1
Real estate sales agents(1),High school diploma or equivalent,1.3,12.2,25.7,10.1,38.5,10.0,2.1
Sales engineers,Bachelors degree,0.4,3.9,11.8,6.8,57.8,17.4,1.9
Telemarketers,No formal educational credential,6.3,33.5,29.6,10.8,16.9,2.7,0.3
"Door-to-door sales workers, news and street vendors, and related workers",No formal educational credential,12.5,29.8,23.6,8.1,19.8,5.3,1.0
"Sales and related workers, all other",High school diploma or equivalent,3.9,18.8,19.9,8.0,38.2,9.8,1.5
First-line supervisors of office and administrative support workers,High school diploma or equivalent,2.5,20.7,27.4,12.9,27.4,7.8,1.3
"Switchboard operators, including answering service",High school diploma or equivalent,3.2,30.8,33.3,12.9,17.3,2.5,0.0
Telephone operators,High school diploma or equivalent,3.2,33.2,34.6,9.7,15.0,3.8,0.5
"Communications equipment operators, all other",High school diploma or equivalent,2.1,18.6,26.9,9.9,33.5,8.5,0.5
Bill and account collectors,High school diploma or equivalent,3.6,29.5,33.6,14.2,16.6,1.9,0.6
Billing and posting clerks,High school diploma or equivalent,2.7,28.5,32.3,15.3,17.0,3.5,0.8
"Bookkeeping, accounting, and auditing clerks","Some college, no degree",3.7,26.3,37.1,12.3,17.1,3.1,0.5
Gambling cage workers(1),High school diploma or equivalent,1.2,13.6,22.4,8.0,36.8,16.5,1.4
Payroll and timekeeping clerks,High school diploma or equivalent,2.4,24.4,32.6,15.1,21.6,3.4,0.6
Procurement clerks,High school diploma or equivalent,1.9,17.8,26.1,12.0,31.5,9.5,1.2
Tellers,High school diploma or equivalent,1.3,32.8,32.8,13.5,17.4,1.9,0.3
"Financial clerks, all other(1)",High school diploma or equivalent,1.2,13.6,22.4,8.0,36.8,16.5,1.4
Brokerage clerks(1),High school diploma or equivalent,2.1,19.0,26.7,14.2,28.0,8.6,1.4
Correspondence clerks(1),High school diploma or equivalent,7.0,34.3,26.7,10.5,18.0,2.8,0.7
"Court, municipal, and license clerks",High school diploma or equivalent,1.2,25.7,31.8,13.3,22.4,4.4,1.2
"Credit authorizers, checkers, and clerks",High school diploma or equivalent,0.9,23.3,30.1,10.3,27.8,5.7,1.9
Customer service representatives,High school diploma or equivalent,3.9,26.4,30.0,12.0,22.9,4.2,0.6
"Eligibility interviewers, government programs",High school diploma or equivalent,1.1,10.9,25.7,14.6,37.4,8.9,1.4
File clerks,High school diploma or equivalent,4.4,26.2,29.1,13.4,20.9,5.1,1.0
"Hotel, motel, and resort desk clerks",High school diploma or equivalent,6.9,29.5,32.3,12.0,15.8,2.4,1.0
"Interviewers, except eligibility and loan",High school diploma or equivalent,2.2,23.1,31.0,12.9,22.7,7.0,1.2
"Library assistants, clerical",High school diploma or equivalent,1.5,15.2,23.9,11.8,35.5,10.8,1.2
Loan interviewers and clerks,High school diploma or equivalent,1.6,24.6,32.1,12.9,24.6,3.7,0.5
New accounts clerks,High school diploma or equivalent,1.6,18.5,34.5,13.6,25.8,5.2,0.9
Order clerks(1),"Some college, no degree",7.0,34.3,26.7,10.5,18.0,2.8,0.7
"Human resources assistants, except payroll and timekeeping",Associates degree,1.4,17.5,28.7,11.4,31.0,9.3,0.8
Receptionists and information clerks,High school diploma or equivalent,3.5,33.1,32.5,13.5,14.5,2.4,0.5
Reservation and transportation ticket agents and travel clerks,High school diploma or equivalent,2.5,24.5,29.9,13.9,24.8,3.7,0.7
"Information and record clerks, all other(1)",High school diploma or equivalent,2.1,19.0,26.7,14.2,28.0,8.6,1.4
Cargo and freight agents,High school diploma or equivalent,2.5,28.4,30.6,12.4,23.1,1.5,1.5
Couriers and messengers,High school diploma or equivalent,7.8,35.0,31.7,10.1,13.0,1.9,0.5
Public safety telecommunicators,High school diploma or equivalent,0.9,22.4,38.8,16.1,18.7,2.8,0.3
"Dispatchers, except police, fire, and ambulance",High school diploma or equivalent,6.0,34.0,32.8,11.1,13.9,1.8,0.4
"Meter readers, utilities",High school diploma or equivalent,2.9,46.9,30.4,14.5,4.2,1.1,0.0
Postal service clerks,High school diploma or equivalent,2.2,33.3,35.7,12.6,13.3,2.4,0.6
Postal service mail carriers,High school diploma or equivalent,2.2,34.9,35.5,11.9,13.1,2.0,0.4
"Postal service mail sorters, processors, and processing machine operators",High school diploma or equivalent,4.7,30.6,34.7,13.9,13.0,2.8,0.4
"Production, planning, and expediting clerks",High school diploma or equivalent,2.4,23.0,28.0,11.7,26.7,7.3,0.8
"Shipping, receiving, and inventory clerks",High school diploma or equivalent,11.9,43.6,25.9,8.0,9.0,1.4,0.3
"Weighers, measurers, checkers, and samplers, recordkeeping",High school diploma or equivalent,11.8,36.8,26.9,9.9,12.1,2.2,0.3
Executive secretaries and executive administrative assistants,High school diploma or equivalent,0.9,15.9,27.8,14.6,32.9,7.1,0.8
Legal secretaries and administrative assistants,High school diploma or equivalent,1.7,22.9,33.9,18.5,19.2,3.2,0.6
Medical secretaries and administrative assistants,High school diploma or equivalent,3.3,22.8,35.9,17.5,17.0,2.8,0.7
"Secretaries and administrative assistants, except legal, medical, and executive",High school diploma or equivalent,2.5,26.5,31.2,14.8,20.5,3.9,0.6
Data entry keyers,High school diploma or equivalent,2.8,26.2,31.6,14.4,20.8,3.6,0.6
Word processors and typists,High school diploma or equivalent,3.3,27.0,29.5,13.7,20.9,4.5,1.2
Desktop publishers(1),Associates degree,2.1,18.7,27.5,12.4,28.3,9.7,1.3
Insurance claims and policy processing clerks,High school diploma or equivalent,2.0,23.2,31.7,13.4,23.3,5.3,1.2
"Mail clerks and mail machine operators, except postal service",High school diploma or equivalent,8.0,44.0,23.2,10.9,11.2,2.2,0.4
"Office clerks, general",High school diploma or equivalent,3.1,29.3,31.3,13.2,18.4,3.9,0.8
"Office machine operators, except computer",High school diploma or equivalent,7.7,35.2,30.3,12.4,11.8,2.3,0.2
Proofreaders and copy markers,Bachelors degree,0.7,17.8,13.3,5.8,43.9,17.0,1.5
Statistical assistants,Bachelors degree,2.0,14.3,26.0,9.2,32.7,14.5,1.3
"Office and administrative support workers, all other(1)",High school diploma or equivalent,2.1,18.7,27.5,12.4,28.3,9.7,1.3
"First-line supervisors of farming, fishing, and forestry workers",High school diploma or equivalent,35.3,28.9,15.6,5.1,11.2,3.1,0.7
Agricultural inspectors,Bachelors degree,5.9,25.9,24.6,8.8,30.0,3.2,1.6
Animal breeders(1),High school diploma or equivalent,49.9,28.0,10.6,4.0,6.2,0.9,0.3
"Graders and sorters, agricultural products",No formal educational credential,52.4,29.5,9.6,2.6,4.6,0.5,0.8
Agricultural equipment operators(1),No formal educational credential,49.9,28.0,10.6,4.0,6.2,0.9,0.3
"Farmworkers and laborers, crop, nursery, and greenhouse(1)",No formal educational credential,49.9,28.0,10.6,4.0,6.2,0.9,0.3
"Farmworkers, farm, ranch, and aquacultural animals(1)",No formal educational credential,49.9,28.0,10.6,4.0,6.2,0.9,0.3
"Agricultural workers, all other(1)",No formal educational credential,49.9,28.0,10.6,4.0,6.2,0.9,0.3
Fishing and hunting workers,No formal educational credential,21.4,41.3,20.3,5.2,9.9,1.7,0.3
Forest and conservation workers,High school diploma or equivalent,26.0,27.6,15.8,8.0,19.0,2.8,0.9
Fallers(1),High school diploma or equivalent,29.9,46.7,13.6,5.6,3.7,0.5,0.0
Logging equipment operators(1),High school diploma or equivalent,29.9,46.7,13.6,5.6,3.7,0.5,0.0
Log graders and scalers(1),High school diploma or equivalent,29.9,46.7,13.6,5.6,3.7,0.5,0.0
"Logging workers, all other(1)",High school diploma or equivalent,29.9,46.7,13.6,5.6,3.7,0.5,0.0
First-line supervisors of construction trades and extraction workers,High school diploma or equivalent,15.5,42.8,23.6,6.9,9.2,1.6,0.3
Boilermakers,High school diploma or equivalent,11.3,53.8,27.2,4.9,2.8,0.0,0.0
Brickmasons and blockmasons(1),High school diploma or equivalent,33.1,43.3,15.7,4.0,3.4,0.5,0.0
Stonemasons(1),High school diploma or equivalent,33.1,43.3,15.7,4.0,3.4,0.5,0.0
Carpenters,High school diploma or equivalent,25.8,42.0,19.1,5.6,6.3,0.8,0.3
Carpet installers(1),No formal educational credential,31.7,43.7,15.6,3.5,4.9,0.7,0.1
"Floor layers, except carpet, wood, and hard tiles(1)",No formal educational credential,31.7,43.7,15.6,3.5,4.9,0.7,0.1
Floor sanders and finishers(1),No formal educational credential,31.7,43.7,15.6,3.5,4.9,0.7,0.1
Tile and stone setters(1),No formal educational credential,31.7,43.7,15.6,3.5,4.9,0.7,0.1
Cement masons and concrete finishers(1),No formal educational credential,37.4,41.1,15.8,2.3,3.3,0.1,0.0
Terrazzo workers and finishers(1),High school diploma or equivalent,37.4,41.1,15.8,2.3,3.3,0.1,0.0
Construction laborers,No formal educational credential,32.0,40.1,16.3,4.9,5.4,0.9,0.3
"Paving, surfacing, and tamping equipment operators(1)",High school diploma or equivalent,20.4,53.0,18.0,5.7,2.5,0.4,0.0
Pile driver operators(1),High school diploma or equivalent,20.4,53.0,18.0,5.7,2.5,0.4,0.0
Operating engineers and other construction equipment operators(1),High school diploma or equivalent,20.4,53.0,18.0,5.7,2.5,0.4,0.0
Drywall and ceiling tile installers(1),No formal educational credential,47.1,37.6,11.5,2.2,1.5,0.2,0.1
Tapers(1),No formal educational credential,47.1,37.6,11.5,2.2,1.5,0.2,0.1
Electricians,High school diploma or equivalent,7.7,37.3,31.6,15.5,6.7,1.0,0.2
Glaziers,High school diploma or equivalent,16.2,50.0,22.9,6.0,4.6,0.3,0.0
"Insulation workers, floor, ceiling, and wall(1)",No formal educational credential,29.4,45.8,16.4,3.6,4.1,0.8,0.0
"Insulation workers, mechanical(1)",High school diploma or equivalent,29.4,45.8,16.4,3.6,4.1,0.8,0.0
"Painters, construction and maintenance(1)",No formal educational credential,34.1,39.2,15.6,4.5,5.3,1.1,0.2
Paperhangers(1),No formal educational credential,34.1,39.2,15.6,4.5,5.3,1.1,0.2
Pipelayers,No formal educational credential,26.4,42.1,21.2,5.5,3.9,0.6,0.3
"Plumbers, pipefitters, and steamfitters",High school diploma or equivalent,14.5,46.7,25.4,7.8,4.5,0.8,0.3
Plasterers and stucco masons,No formal educational credential,51.8,31.2,10.4,3.6,2.4,0.5,0.0
Reinforcing iron and rebar workers(1),High school diploma or equivalent,33.1,43.3,15.7,4.0,3.4,0.5,0.0
Roofers,No formal educational credential,43.8,39.3,11.6,2.2,2.8,0.2,0.1
Sheet metal workers,High school diploma or equivalent,13.8,46.6,24.4,9.4,5.1,0.5,0.1
Structural iron and steel workers,High school diploma or equivalent,14.5,48.6,28.4,5.2,3.2,0.1,0.0
Solar photovoltaic installers,High school diploma or equivalent,9.6,26.2,33.5,18.4,8.2,3.2,0.9
"Helpers--brickmasons, blockmasons, stonemasons, and tile and marble setters(1)",No formal educational credential,34.3,38.8,16.6,4.1,5.0,1.0,0.1
Helpers--carpenters(1),No formal educational credential,34.3,38.8,16.6,4.1,5.0,1.0,0.1
Helpers--electricians(1),High school diploma or equivalent,34.3,38.8,16.6,4.1,5.0,1.0,0.1
"Helpers--painters, paperhangers, plasterers, and stucco masons(1)",No formal educational credential,34.3,38.8,16.6,4.1,5.0,1.0,0.1
"Helpers--pipelayers, plumbers, pipefitters, and steamfitters(1)",High school diploma or equivalent,34.3,38.8,16.6,4.1,5.0,1.0,0.1
Helpers--roofers(1),No formal educational credential,34.3,38.8,16.6,4.1,5.0,1.0,0.1
"Helpers, construction trades, all other(1)",No formal educational credential,34.3,38.8,16.6,4.1,5.0,1.0,0.1
Construction and building inspectors,High school diploma or equivalent,1.6,26.4,29.3,13.6,22.2,6.2,0.7
Elevator and escalator installers and repairers,High school diploma or equivalent,3.5,41.7,32.3,9.9,10.8,1.7,0.2
Fence erectors,No formal educational credential,28.6,44.6,18.3,3.5,4.4,0.6,0.0
Hazardous materials removal workers,High school diploma or equivalent,13.1,47.8,23.1,6.0,7.8,2.2,0.0
Highway maintenance workers,High school diploma or equivalent,12.1,53.2,23.0,7.5,3.5,0.4,0.2
Rail-track laying and maintenance equipment operators,High school diploma or equivalent,9.6,54.5,27.6,5.4,2.9,0.0,0.0
Septic tank servicers and sewer pipe cleaners(1),High school diploma or equivalent,22.0,47.3,18.5,5.7,6.0,0.3,0.2
Miscellaneous construction and related workers(1),High school diploma or equivalent,22.0,47.3,18.5,5.7,6.0,0.3,0.2
"Derrick operators, oil and gas(1)",No formal educational credential,17.6,47.3,25.3,3.7,5.7,0.4,0.1
"Rotary drill operators, oil and gas(1)",No formal educational credential,17.6,47.3,25.3,3.7,5.7,0.4,0.1
"Service unit operators, oil and gas(1)",No formal educational credential,17.6,47.3,25.3,3.7,5.7,0.4,0.1
"Excavating and loading machine and dragline operators, surface mining(1)",High school diploma or equivalent,19.8,49.4,19.0,5.9,5.2,0.6,0.1
Continuous mining machine operators(1),No formal educational credential,11.3,53.8,23.2,6.3,5.0,0.4,0.0
"Roof bolters, mining(1)",High school diploma or equivalent,11.3,53.8,23.2,6.3,5.0,0.4,0.0
"Loading and moving machine operators, underground mining(1)",No formal educational credential,11.3,53.8,23.2,6.3,5.0,0.4,0.0
"Rock splitters, quarry(1)",No formal educational credential,16.4,48.3,22.0,5.2,7.3,0.7,0.1
"Roustabouts, oil and gas(1)",No formal educational credential,17.6,47.3,25.3,3.7,5.7,0.4,0.1
Helpers--extraction workers(1),High school diploma or equivalent,16.4,48.3,22.0,5.2,7.3,0.7,0.1
"Earth drillers, except oil and gas; and explosives workers, ordnance handling experts, and blasters(1)",High school diploma or equivalent,17.0,49.8,20.6,5.6,5.9,0.9,0.2
"Underground mining machine operators and extraction workers, all other(1)",High school diploma or equivalent,14.3,50.6,22.5,5.6,6.4,0.6,0.0
"First-line supervisors of mechanics, installers, and repairers",High school diploma or equivalent,6.8,37.5,28.0,13.0,11.5,3.0,0.3
"Computer, automated teller, and office machine repairers","Some college, no degree",2.7,19.5,32.4,20.3,21.1,3.4,0.6
"Radio, cellular, and tower equipment installers and repairers(1)",Associates degree,4.3,28.8,33.8,18.0,12.6,2.2,0.2
"Telecommunications equipment installers and repairers, except line installers(1)",Postsecondary nondegree award,4.3,28.8,33.8,18.0,12.6,2.2,0.2
Avionics technicians,Associates degree,1.6,22.5,41.3,22.7,10.2,1.7,0.0
"Electric motor, power tool, and related repairers",High school diploma or equivalent,6.7,44.3,28.4,11.6,8.3,0.7,0.0
"Electrical and electronics installers and repairers, transportation equipment(1)",Postsecondary nondegree award,8.3,30.1,30.8,16.9,13.0,0.7,0.2
"Electrical and electronics repairers, commercial and industrial equipment(1)",Postsecondary nondegree award,8.3,30.1,30.8,16.9,13.0,0.7,0.2
"Electrical and electronics repairers, powerhouse, substation, and relay(1)",Postsecondary nondegree award,8.3,30.1,30.8,16.9,13.0,0.7,0.2
"Electronic equipment installers and repairers, motor vehicles(1)",High school diploma or equivalent,8.3,30.1,30.8,16.9,13.0,0.7,0.2
Audiovisual equipment installers and repairers,Postsecondary nondegree award,5.2,35.7,29.9,15.3,11.7,2.2,0.0
Security and fire alarm systems installers,High school diploma or equivalent,7.2,34.1,35.6,13.0,9.2,0.7,0.2
Aircraft mechanics and service technicians,Postsecondary nondegree award,3.2,25.9,37.0,22.4,9.6,1.5,0.5
Automotive body and related repairers,High school diploma or equivalent,22.2,47.2,18.7,8.7,2.7,0.4,0.1
Automotive glass installers and repairers,High school diploma or equivalent,16.4,50.7,26.8,3.4,2.3,0.1,0.3
Automotive service technicians and mechanics,Postsecondary nondegree award,16.4,43.5,23.2,12.5,4.0,0.4,0.2
Bus and truck mechanics and diesel engine specialists,High school diploma or equivalent,13.4,46.6,23.0,13.6,3.1,0.4,0.1
Farm equipment mechanics and service technicians(1),High school diploma or equivalent,12.0,47.3,23.4,13.1,3.3,0.6,0.2
"Mobile heavy equipment mechanics, except engines(1)",High school diploma or equivalent,12.0,47.3,23.4,13.1,3.3,0.6,0.2
Rail car repairers(1),High school diploma or equivalent,12.0,47.3,23.4,13.1,3.3,0.6,0.2
Motorboat mechanics and service technicians(1),High school diploma or equivalent,13.6,44.2,27.0,9.7,3.9,0.6,1.0
Motorcycle mechanics(1),Postsecondary nondegree award,13.6,44.2,27.0,9.7,3.9,0.6,1.0
Outdoor power equipment and other small engine mechanics(1),High school diploma or equivalent,13.6,44.2,27.0,9.7,3.9,0.6,1.0
Bicycle repairers(1),High school diploma or equivalent,20.7,47.0,19.9,5.7,5.6,1.0,0.1
Recreational vehicle service technicians(1),High school diploma or equivalent,20.7,47.0,19.9,5.7,5.6,1.0,0.1
Tire repairers and changers(1),High school diploma or equivalent,20.7,47.0,19.9,5.7,5.6,1.0,0.1
Mechanical door repairers(1),High school diploma or equivalent,4.0,40.9,31.9,16.9,5.8,0.5,0.1
"Control and valve installers and repairers, except mechanical door(1)",High school diploma or equivalent,4.0,40.9,31.9,16.9,5.8,0.5,0.1
"Heating, air conditioning, and refrigeration mechanics and installers",Postsecondary nondegree award,10.6,40.1,29.1,14.4,4.8,0.9,0.2
Home appliance repairers,High school diploma or equivalent,13.7,38.6,29.0,10.6,6.8,0.6,0.7
Industrial machinery mechanics(1),High school diploma or equivalent,9.3,42.5,26.8,14.5,5.9,0.9,0.2
"Maintenance workers, machinery",High school diploma or equivalent,10.1,46.5,24.0,10.5,7.6,0.7,0.5
Millwrights,High school diploma or equivalent,7.0,45.5,27.9,13.1,5.2,1.1,0.2
"Refractory materials repairers, except brickmasons(1)",High school diploma or equivalent,9.3,42.5,26.8,14.5,5.9,0.9,0.2
Electrical power-line installers and repairers,High school diploma or equivalent,5.3,38.8,32.4,17.0,5.3,0.8,0.3
Telecommunications line installers and repairers,High school diploma or equivalent,5.8,38.3,31.8,12.8,9.6,1.5,0.2
Camera and photographic equipment repairers(1),High school diploma or equivalent,3.5,25.1,27.4,20.4,19.4,3.7,0.6
Medical equipment repairers(1),Associates degree,3.5,25.1,27.4,20.4,19.4,3.7,0.6
Musical instrument repairers and tuners(1),High school diploma or equivalent,3.5,25.1,27.4,20.4,19.4,3.7,0.6
Watch and clock repairers(1),High school diploma or equivalent,3.5,25.1,27.4,20.4,19.4,3.7,0.6
"Precision instrument and equipment repairers, all other(1)",High school diploma or equivalent,3.5,25.1,27.4,20.4,19.4,3.7,0.6
"Maintenance and repair workers, general",High school diploma or equivalent,11.6,41.2,26.4,12.1,7.4,1.0,0.2
Wind turbine service technicians(1),Postsecondary nondegree award,13.1,39.6,26.6,9.8,9.3,1.3,0.2
"Coin, vending, and amusement machine servicers and repairers",High school diploma or equivalent,9.1,41.9,30.0,10.0,7.3,1.1,0.7
Commercial divers(1),Postsecondary nondegree award,13.1,39.6,26.6,9.8,9.3,1.3,0.2
Locksmiths and safe repairers,High school diploma or equivalent,5.5,43.1,29.2,9.2,11.7,1.1,0.2
Manufactured building and mobile home installers(1),High school diploma or equivalent,13.1,39.6,26.6,9.8,9.3,1.3,0.2
Riggers,High school diploma or equivalent,6.8,45.2,25.9,9.6,12.1,0.5,0.0
Signal and track switch repairers(1),High school diploma or equivalent,13.1,39.6,26.6,9.8,9.3,1.3,0.2
"Helpers--installation, maintenance, and repair workers",High school diploma or equivalent,33.9,43.8,14.8,3.7,2.7,0.3,0.8
"Installation, maintenance, and repair workers, all other(1)",High school diploma or equivalent,13.1,39.6,26.6,9.8,9.3,1.3,0.2
First-line supervisors of production and operating workers,High school diploma or equivalent,10.0,38.5,25.6,9.1,13.2,3.1,0.6
"Aircraft structure, surfaces, rigging, and systems assemblers(1)",High school diploma or equivalent,16.4,46.1,23.0,7.6,5.9,0.8,0.2
"Coil winders, tapers, and finishers(1)",High school diploma or equivalent,17.7,45.0,21.0,7.5,7.2,1.1,0.5
"Electrical, electronic, and electromechanical assemblers, except coil winders, tapers, and finishers(1)",High school diploma or equivalent,17.7,45.0,21.0,7.5,7.2,1.1,0.5
Engine and other machine assemblers,High school diploma or equivalent,13.0,46.4,31.2,5.2,4.2,0.0,0.0
Structural metal fabricators and fitters,High school diploma or equivalent,13.3,47.3,24.3,9.2,5.1,0.7,0.0
Fiberglass laminators and fabricators(1),High school diploma or equivalent,16.4,46.1,23.0,7.6,5.9,0.8,0.2
Timing device assemblers and adjusters(1),High school diploma or equivalent,16.4,46.1,23.0,7.6,5.9,0.8,0.2
Miscellaneous assemblers and fabricators(1),High school diploma or equivalent,16.4,46.1,23.0,7.6,5.9,0.8,0.2
Bakers,No formal educational credential,20.4,37.9,20.3,8.6,10.8,1.5,0.5
Butchers and meat cutters(1),No formal educational credential,29.5,43.7,17.8,4.5,3.8,0.6,0.1
"Meat, poultry, and fish cutters and trimmers(1)",No formal educational credential,29.5,43.7,17.8,4.5,3.8,0.6,0.1
Slaughterers and meat packers(1),No formal educational credential,29.5,43.7,17.8,4.5,3.8,0.6,0.1
"Food and tobacco roasting, baking, and drying machine operators and tenders",No formal educational credential,14.1,45.8,19.7,4.2,13.8,1.9,0.5
Food batchmakers,High school diploma or equivalent,19.5,40.8,22.3,8.0,7.0,1.7,0.7
Food cooking machine operators and tenders,High school diploma or equivalent,23.5,43.4,20.6,5.5,6.1,0.8,0.0
"Food processing workers, all other",No formal educational credential,25.4,43.5,20.6,5.0,4.8,0.5,0.2
"Extruding and drawing machine setters, operators, and tenders, metal and plastic(1)",High school diploma or equivalent,12.9,50.3,23.8,7.4,3.9,1.7,0.0
"Forging machine setters, operators, and tenders, metal and plastic(1)",High school diploma or equivalent,12.9,50.3,23.8,7.4,3.9,1.7,0.0
"Rolling machine setters, operators, and tenders, metal and plastic(1)",High school diploma or equivalent,12.9,50.3,23.8,7.4,3.9,1.7,0.0
"Cutting, punching, and press machine setters, operators, and tenders, metal and plastic",High school diploma or equivalent,17.3,52.0,20.1,6.8,3.2,0.4,0.3
"Drilling and boring machine tool setters, operators, and tenders, metal and plastic(1)",High school diploma or equivalent,19.2,52.0,22.2,3.6,0.8,2.2,0.0
"Grinding, lapping, polishing, and buffing machine tool setters, operators, and tenders, metal and plastic",High school diploma or equivalent,22.6,50.6,17.4,5.1,3.7,0.4,0.2
"Lathe and turning machine tool setters, operators, and tenders, metal and plastic(1)",High school diploma or equivalent,19.2,52.0,22.2,3.6,0.8,2.2,0.0
"Milling and planing machine setters, operators, and tenders, metal and plastic(1)",High school diploma or equivalent,19.2,52.0,22.2,3.6,0.8,2.2,0.0
Machinists,High school diploma or equivalent,9.7,44.6,28.5,12.7,4.2,0.3,0.2
Metal-refining furnace operators and tenders(1),High school diploma or equivalent,12.9,45.6,27.6,6.1,7.5,0.4,0.0
"Pourers and casters, metal(1)",High school diploma or equivalent,12.9,45.6,27.6,6.1,7.5,0.4,0.0
"Model makers, metal and plastic(1)",High school diploma or equivalent,14.6,46.2,24.0,8.6,5.3,1.2,0.1
"Patternmakers, metal and plastic(1)",High school diploma or equivalent,14.6,46.2,24.0,8.6,5.3,1.2,0.1
Foundry mold and coremakers(1),High school diploma or equivalent,14.6,46.2,24.0,8.6,5.3,1.2,0.1
"Molding, coremaking, and casting machine setters, operators, and tenders, metal and plastic(1)",High school diploma or equivalent,14.6,46.2,24.0,8.6,5.3,1.2,0.1
"Multiple machine tool setters, operators, and tenders, metal and plastic(1)",High school diploma or equivalent,18.5,48.2,21.1,6.6,4.8,0.7,0.1
Tool and die makers,Postsecondary nondegree award,5.5,40.3,36.0,13.8,3.2,0.7,0.5
"Welders, cutters, solderers, and brazers(1)",High school diploma or equivalent,18.6,46.3,23.4,8.7,2.5,0.4,0.2
"Welding, soldering, and brazing machine setters, operators, and tenders(1)",High school diploma or equivalent,18.6,46.3,23.4,8.7,2.5,0.4,0.2
"Heat treating equipment setters, operators, and tenders, metal and plastic(1)",High school diploma or equivalent,18.5,48.2,21.1,6.6,4.8,0.7,0.1
"Layout workers, metal and plastic(1)",High school diploma or equivalent,18.5,48.2,21.1,6.6,4.8,0.7,0.1
"Plating machine setters, operators, and tenders, metal and plastic(1)",High school diploma or equivalent,18.5,48.2,21.1,6.6,4.8,0.7,0.1
"Tool grinders, filers, and sharpeners(1)",High school diploma or equivalent,18.5,48.2,21.1,6.6,4.8,0.7,0.1
"Metal workers and plastic workers, all other(1)",High school diploma or equivalent,18.5,48.2,21.1,6.6,4.8,0.7,0.1
Prepress technicians and workers,Postsecondary nondegree award,4.9,38.1,23.7,14.8,15.8,2.1,0.6
Printing press operators,High school diploma or equivalent,12.0,45.1,23.8,9.0,8.7,0.9,0.5
Print binding and finishing workers,High school diploma or equivalent,15.7,43.0,23.0,10.5,7.6,0.2,0.0
Laundry and dry-cleaning workers,No formal educational credential,35.0,43.4,13.2,2.9,4.8,0.5,0.1
"Pressers, textile, garment, and related materials",No formal educational credential,42.1,38.6,12.6,3.9,1.7,1.1,0.0
Sewing machine operators,No formal educational credential,37.1,36.5,13.1,5.2,6.4,1.3,0.4
Shoe and leather workers and repairers(1),High school diploma or equivalent,30.2,36.7,17.7,6.7,7.3,1.1,0.2
Shoe machine operators and tenders(1),High school diploma or equivalent,30.2,36.7,17.7,6.7,7.3,1.1,0.2
"Sewers, hand(1)",No formal educational credential,24.7,32.1,17.5,7.0,15.7,2.5,0.4
"Tailors, dressmakers, and custom sewers(1)",No formal educational credential,24.7,32.1,17.5,7.0,15.7,2.5,0.4
Textile bleaching and dyeing machine operators and tenders(1),High school diploma or equivalent,27.2,45.0,15.4,5.6,3.4,3.4,0.0
"Textile cutting machine setters, operators, and tenders(1)",High school diploma or equivalent,27.2,45.0,15.4,5.6,3.4,3.4,0.0
"Textile knitting and weaving machine setters, operators, and tenders(1)",High school diploma or equivalent,27.2,45.0,15.4,5.6,3.4,3.4,0.0
"Textile winding, twisting, and drawing out machine setters, operators, and tenders(1)",High school diploma or equivalent,27.2,45.0,15.4,5.6,3.4,3.4,0.0
"Extruding and forming machine setters, operators, and tenders, synthetic and glass fibers(1)",High school diploma or equivalent,24.2,35.3,19.5,8.5,10.0,2.3,0.2
Fabric and apparel patternmakers(1),High school diploma or equivalent,24.2,35.3,19.5,8.5,10.0,2.3,0.2
Upholsterers,High school diploma or equivalent,33.5,38.8,15.9,6.9,3.8,1.1,0.1
"Textile, apparel, and furnishings workers, all other(1)",High school diploma or equivalent,24.2,35.3,19.5,8.5,10.0,2.3,0.2
Cabinetmakers and bench carpenters,High school diploma or equivalent,17.7,47.0,18.3,8.2,6.9,1.2,0.7
Furniture finishers,High school diploma or equivalent,28.9,36.0,21.7,6.1,4.5,2.3,0.6
"Model makers, wood(1)",High school diploma or equivalent,16.0,35.8,21.7,8.3,14.0,3.7,0.5
"Patternmakers, wood(1)",High school diploma or equivalent,16.0,35.8,21.7,8.3,14.0,3.7,0.5
"Sawing machine setters, operators, and tenders, wood",High school diploma or equivalent,34.4,44.7,11.8,4.4,2.4,2.1,0.1
"Woodworking machine setters, operators, and tenders, except sawing",High school diploma or equivalent,22.5,47.9,21.0,5.2,3.3,0.1,0.0
"Woodworkers, all other(1)",High school diploma or equivalent,16.0,35.8,21.7,8.3,14.0,3.7,0.5
Nuclear power reactor operators(1),High school diploma or equivalent,1.9,30.3,30.3,18.2,16.3,2.5,0.5
Power distributors and dispatchers(1),High school diploma or equivalent,1.9,30.3,30.3,18.2,16.3,2.5,0.5
Power plant operators(1),High school diploma or equivalent,1.9,30.3,30.3,18.2,16.3,2.5,0.5
Stationary engineers and boiler operators,High school diploma or equivalent,6.7,34.7,26.0,10.6,15.2,5.6,1.1
Water and wastewater treatment plant and system operators,High school diploma or equivalent,3.0,36.6,31.1,13.3,13.4,2.4,0.2
Chemical plant and system operators(1),High school diploma or equivalent,9.2,33.9,33.7,11.2,11.1,0.6,0.3
Gas plant operators(1),High school diploma or equivalent,9.2,33.9,33.7,11.2,11.1,0.6,0.3
"Petroleum pump system operators, refinery operators, and gaugers(1)",High school diploma or equivalent,9.2,33.9,33.7,11.2,11.1,0.6,0.3
"Plant and system operators, all other(1)",High school diploma or equivalent,9.2,33.9,33.7,11.2,11.1,0.6,0.3
Chemical equipment operators and tenders(1),High school diploma or equivalent,5.1,32.4,25.7,9.6,22.5,4.2,0.5
"Separating, filtering, clarifying, precipitating, and still machine setters, operators, and tenders(1)",High school diploma or equivalent,5.1,32.4,25.7,9.6,22.5,4.2,0.5
"Crushing, grinding, and polishing machine setters, operators, and tenders(1)",High school diploma or equivalent,18.7,46.1,20.5,8.8,4.8,0.8,0.2
"Grinding and polishing workers, hand(1)",No formal educational credential,18.7,46.1,20.5,8.8,4.8,0.8,0.2
"Mixing and blending machine setters, operators, and tenders(1)",High school diploma or equivalent,18.7,46.1,20.5,8.8,4.8,0.8,0.2
"Cutters and trimmers, hand(1)",No formal educational credential,31.2,44.3,16.8,3.9,3.0,0.8,0.1
"Cutting and slicing machine setters, operators, and tenders(1)",High school diploma or equivalent,31.2,44.3,16.8,3.9,3.0,0.8,0.1
"Extruding, forming, pressing, and compacting machine setters, operators, and tenders",High school diploma or equivalent,16.6,52.2,17.8,6.4,4.5,2.0,0.5
"Furnace, kiln, oven, drier, and kettle operators and tenders",High school diploma or equivalent,7.5,45.5,29.1,8.3,9.4,0.2,0.0
"Inspectors, testers, sorters, samplers, and weighers",High school diploma or equivalent,9.0,36.3,26.0,11.4,13.6,3.1,0.7
Jewelers and precious stone and metal workers,High school diploma or equivalent,12.5,25.9,24.0,7.7,22.0,5.2,2.7
Dental laboratory technicians(1),High school diploma or equivalent,4.9,26.0,34.7,16.9,14.4,2.2,0.8
Medical appliance technicians(1),High school diploma or equivalent,4.9,26.0,34.7,16.9,14.4,2.2,0.8
Ophthalmic laboratory technicians(1),High school diploma or equivalent,4.9,26.0,34.7,16.9,14.4,2.2,0.8
Packaging and filling machine operators and tenders,High school diploma or equivalent,32.6,41.0,15.5,4.8,5.0,0.9,0.2
"Painting, coating, and decorating workers(1)",No formal educational credential,20.5,48.0,20.0,6.7,3.9,0.8,0.1
"Coating, painting, and spraying machine setters, operators, and tenders(1)",High school diploma or equivalent,20.5,48.0,20.0,6.7,3.9,0.8,0.1
Semiconductor processing technicians(1),High school diploma or equivalent,17.8,45.8,21.4,7.0,6.6,1.2,0.3
Photographic process workers and processing machine operators,High school diploma or equivalent,4.0,18.1,20.2,8.6,39.8,8.3,1.0
Computer numerically controlled tool operators(1),High school diploma or equivalent,9.0,38.0,30.1,14.1,7.6,0.9,0.3
Computer numerically controlled tool programmers(1),Postsecondary nondegree award,9.0,38.0,30.1,14.1,7.6,0.9,0.3
Adhesive bonding machine operators and tenders,High school diploma or equivalent,18.7,43.3,21.8,12.8,1.5,1.9,0.0
"Cleaning, washing, and metal pickling equipment operators and tenders(1)",High school diploma or equivalent,17.8,45.8,21.4,7.0,6.6,1.2,0.3
Cooling and freezing equipment operators and tenders(1),High school diploma or equivalent,17.8,45.8,21.4,7.0,6.6,1.2,0.3
Etchers and engravers,High school diploma or equivalent,13.3,28.1,24.1,8.6,23.8,2.1,0.0
"Molders, shapers, and casters, except metal and plastic",High school diploma or equivalent,22.5,30.3,19.7,7.3,15.5,3.4,1.3
"Paper goods machine setters, operators, and tenders",High school diploma or equivalent,16.2,46.8,21.1,11.0,4.9,0.2,0.0
Tire builders,High school diploma or equivalent,5.3,51.4,31.7,6.7,4.4,0.5,0.0
Helpers--production workers,High school diploma or equivalent,24.4,46.7,15.6,4.5,6.3,1.8,0.7
"Production workers, all other(1)",High school diploma or equivalent,17.0,45.2,22.1,7.6,6.7,1.1,0.3
Aircraft cargo handling supervisors(1),High school diploma or equivalent,7.0,35.6,29.6,10.8,13.5,2.9,0.5
"First-line supervisors of transportation and material-moving workers, except aircraft cargo handling supervisors(1)",High school diploma or equivalent,7.0,35.6,29.6,10.8,13.5,2.9,0.5
"Airline pilots, copilots, and flight engineers(1)",Bachelors degree,0.6,4.6,13.0,7.2,57.2,14.6,2.7
Commercial pilots(1),High school diploma or equivalent,0.6,4.6,13.0,7.2,57.2,14.6,2.7
Air traffic controllers(1),Associates degree,0.3,12.6,31.1,14.1,34.7,6.6,0.6
Airfield operations specialists(1),High school diploma or equivalent,0.3,12.6,31.1,14.1,34.7,6.6,0.6
Flight attendants,High school diploma or equivalent,0.6,14.1,31.9,11.1,36.0,5.0,1.2
"Ambulance drivers and attendants, except emergency medical technicians",High school diploma or equivalent,3.4,50.2,26.9,9.0,9.0,1.4,0.0
Driver/sales workers(1),High school diploma or equivalent,15.6,47.4,23.1,6.6,6.1,1.0,0.2
Heavy and tractor-trailer truck drivers(1),Postsecondary nondegree award,15.6,47.4,23.1,6.6,6.1,1.0,0.2
Light truck drivers(1),High school diploma or equivalent,15.6,47.4,23.1,6.6,6.1,1.0,0.2
"Bus drivers, transit and intercity",High school diploma or equivalent,8.5,42.3,28.8,9.2,9.0,1.8,0.3
"Passenger vehicle drivers, except bus drivers, transit and intercity(1)",No formal educational credential,10.6,36.2,26.8,8.7,13.5,3.2,0.9
"Motor vehicle operators, all other",No formal educational credential,11.6,37.9,27.1,9.1,11.2,2.5,0.5
Locomotive engineers(1),High school diploma or equivalent,1.6,37.6,36.5,10.3,11.8,1.8,0.3
"Rail yard engineers, dinkey operators, and hostlers(1)",High school diploma or equivalent,1.6,37.6,36.5,10.3,11.8,1.8,0.3
"Railroad brake, signal, and switch operators and locomotive firers(1)",High school diploma or equivalent,3.1,37.7,33.0,11.0,12.5,2.7,0.1
Railroad conductors and yardmasters,High school diploma or equivalent,2.2,39.4,34.6,10.6,12.0,1.2,0.0
Subway and streetcar operators(1),High school diploma or equivalent,3.1,37.7,33.0,11.0,12.5,2.7,0.1
"Rail transportation workers, all other(1)",High school diploma or equivalent,3.1,37.7,33.0,11.0,12.5,2.7,0.1
Sailors and marine oilers(1),No formal educational credential,7.2,43.7,24.7,6.1,14.4,3.7,0.3
"Captains, mates, and pilots of water vessels(1)",Postsecondary nondegree award,10.1,32.8,29.0,6.5,15.9,4.6,1.1
Motorboat operators(1),Postsecondary nondegree award,10.1,32.8,29.0,6.5,15.9,4.6,1.1
Ship engineers(1),Postsecondary nondegree award,7.2,43.7,24.7,6.1,14.4,3.7,0.3
Bridge and lock tenders(1),High school diploma or equivalent,3.9,39.1,25.2,13.2,15.5,2.8,0.3
Parking attendants,No formal educational credential,14.2,42.2,23.9,8.2,9.1,1.5,0.8
Automotive and watercraft service attendants(1),No formal educational credential,14.2,46.6,24.8,8.6,4.8,0.9,0.0
Traffic technicians(1),High school diploma or equivalent,3.9,39.1,25.2,13.2,15.5,2.8,0.3
Transportation inspectors,High school diploma or equivalent,5.8,27.9,30.6,14.1,17.9,3.0,0.7
Passenger attendants,High school diploma or equivalent,12.4,42.9,24.9,9.2,7.7,2.7,0.2
"Aircraft service attendants and transportation workers, all other(1)",High school diploma or equivalent,11.1,44.4,24.9,10.0,8.1,1.5,0.1
Conveyor operators and tenders(1),No formal educational credential,16.4,57.7,20.1,2.9,2.2,0.7,0.0
Crane and tower operators,High school diploma or equivalent,10.6,55.9,22.6,6.2,3.9,0.7,0.1
Dredge operators(1),High school diploma or equivalent,16.4,57.7,20.1,2.9,2.2,0.7,0.0
Hoist and winch operators(1),No formal educational credential,16.4,57.7,20.1,2.9,2.2,0.7,0.0
Industrial truck and tractor operators,No formal educational credential,19.6,50.8,20.5,5.4,3.1,0.4,0.2
Cleaners of vehicles and equipment,No formal educational credential,29.2,43.2,16.7,5.1,4.8,0.8,0.2
"Laborers and freight, stock, and material movers, hand",No formal educational credential,17.1,47.4,21.4,6.5,6.4,0.9,0.2
Machine feeders and offbearers,No formal educational credential,17.6,49.5,16.5,6.6,8.6,1.0,0.3
"Packers and packagers, hand",No formal educational credential,30.5,41.0,16.6,5.5,5.3,0.8,0.4
Stockers and order fillers,High school diploma or equivalent,12.7,43.0,24.7,8.3,9.5,1.5,0.4
Gas compressor and gas pumping station operators(1),High school diploma or equivalent,14.0,43.8,22.3,7.7,10.0,2.2,0.0
"Pump operators, except wellhead pumpers(1)",High school diploma or equivalent,14.0,43.8,22.3,7.7,10.0,2.2,0.0
Wellhead pumpers(1),High school diploma or equivalent,14.0,43.8,22.3,7.7,10.0,2.2,0.0
Refuse and recyclable material collectors,No formal educational credential,23.3,46.9,18.0,5.0,6.3,0.3,0.1
"Tank car, truck, and ship loaders(1)",No formal educational credential,19.8,48.2,19.1,6.2,5.7,0.8,0.1
"Material moving workers, all other(1)",No formal educational credential,19.8,48.2,19.1,6.2,5.7,0.8,0.1
,,,,,,,,
,,,,,,,,
,,,,,,,,
,,,,,,,,