School,avg_cost_public,avg_cost_private,faculy_salary,ft_faculty_rate,federal_loan_rate,student_count,students_with_any_loan,students_with_pell_grant,married,veteran,grad_students,undergrads_non_degree_seeking,full_program_cost,avg_month_completion,three_yrs_after_not_working_not_enrolled,three_yrs_after_working_not_enrolled,booksupply_cost,test_requirements,ten_yrs_after_entry_earnings,completion_rate
St. John's College-Department of Nursing,,,8918.0,0.6923,0.9836,,,,,,18.0,,,,,,,,47975.5,0.5845
Saint Xavier University,,14528.0,7474.0,0.3863,0.8041,,,,,,666.0,14.0,,,,,1200.0,1.0,47975.5,0.5845
University of Illinois Springfield,12477.0,,8063.0,0.6584,0.4407,,,,,,1601.0,61.0,,,,,1200.0,1.0,47975.5,0.5845
Saint Anthony College of Nursing - Sauk Valley Community College Campus,,,,,,,,,,,,,,,,,,,,0.5845
Shawnee Community College,10242.0,,7593.0,0.4286,0.0,,,,,,,399.0,,,,,1470.0,,36066.0,0.5845
Saint Augustine College,,12193.0,5553.0,0.093,0.0582,,,,,,,52.0,,,,,1200.0,,36066.0,0.5845
University of Saint Mary of the Lake,,,4947.0,1.0,,,,,,,202.0,,,,,,,,,0.5845
Southeastern Illinois College,5714.0,,6214.0,0.5258,0.0,,,,,,,892.0,,,,,1009.0,,36066.0,0.5845
National Latino Education Institute,,13939.0,,,0.1786,,,,,,,,16377.0,12.0,,,,3.0,27754.0,0.5845
Spertus College,,,11401.0,0.1212,,,,,,,111.0,,,,,,,,,0.5845
Spoon River College,9155.0,,6365.0,0.3951,0.1755,,,,,,,424.0,,,,,1700.0,,27754.0,0.5845
Saint Anthony College of Nursing,,,7258.0,0.5217,0.7534,,,,,,78.0,,,,,,2000.0,3.0,47975.5,0.5845
Educators of Beauty College of Cosmetology-Sterling,,10609.0,,,0.5686,,,,,,,,18975.0,13.0,,,,,27754.0,0.5845
Southern Illinois University-Carbondale,16945.0,,7698.0,0.7951,0.5267,,,,,,3229.0,91.0,,,,,1100.0,1.0,47975.5,0.5845
Southern Illinois University-Edwardsville,14423.0,,8360.0,0.7161,0.5005,,,,,,2661.0,61.0,,,,,915.0,1.0,47975.5,0.5845
Taylor Business Institute,,11260.0,3671.0,,0.0087,,,,,,,,,,,,750.0,3.0,36066.0,0.5845
Telshe Yeshiva-Chicago,,6012.0,3211.0,0.8667,0.0,,,,,,15.0,,,,,,200.0,3.0,47975.5,0.5845
South Suburban College,4746.0,,8021.0,0.3203,0.0,,,,,,,1294.0,,,,,1200.0,,27754.0,0.5845
Tri-County Beauty Academy,,12361.0,,,0.5714,,,,,,,,14711.0,13.0,,,,,27754.0,0.5845
Trinity Christian College,,21904.0,7188.0,0.4967,0.6444,,,,,,63.0,79.0,,,,,1100.0,1.0,47975.5,0.5845
Trinity International University-Illinois,,21204.0,7602.0,0.3416,0.7623,,,,,,1000.0,157.0,,,,,1200.0,1.0,47975.5,0.5845
Triton College,4988.0,,7820.0,0.2825,0.0381,,,,,,,2342.0,,,,,1440.0,,36066.0,0.5845
VanderCook College of Music,,19160.0,5077.0,0.2553,0.5909,,,,,,35.0,35.0,,,,,1900.0,1.0,47975.5,0.5845
Waubonsee Community College,5130.0,,9631.0,0.2054,0.0909,,,,,,,2254.0,,,,,1600.0,,36066.0,0.5845
Resurrection University,,,8451.0,1.0,0.7751,,,,,,106.0,,,,,,,,47975.5,0.5845
Western Illinois University,16210.0,,9001.0,0.8752,0.6599,,,,,,1666.0,,,,,,1200.0,1.0,47975.5,0.5845
Wheaton College,,25358.0,9366.0,0.6754,0.4902,,,,,,609.0,37.0,,,,,800.0,1.0,47975.5,0.5845
William Rainey Harper College,7532.0,,10071.0,0.3318,0.0487,,,,,,,2756.0,,,,,1100.0,,27754.0,0.5845
The University of Texas MD Anderson Cancer Center,,,11443.0,1.0,0.3287,,,,,,25.0,,,,,,,,47975.5,0.5845
Ball State University,15147.0,,7585.0,0.8253,0.5623,,,,,,5741.0,1092.0,,,,,1384.0,2.0,47975.5,0.5845
Bethel Seminary-San Diego,,,7213.0,,,,,,,,47.0,,,,,,,,,0.5845
Butler University,,37645.0,8777.0,1.0,0.4672,,,,,,830.0,150.0,,,,,1000.0,1.0,47975.5,0.5845
Calumet College of Saint Joseph,,10275.0,5772.0,0.2414,0.2551,,,,,,169.0,6.0,,,,,1500.0,,47975.5,0.5845
Christian Theological Seminary,,,9862.0,1.0,,,,,,,145.0,,,,,,,,,0.5845
College of Court Reporting Inc,,31390.0,,,0.7,,,,,,,1.0,,,,,3286.0,,36066.0,0.5845
Concordia Theological Seminary,,,5831.0,0.9167,,,,,,,313.0,,,,,,,,,0.5845
Tricoci University of Beauty Culture-Highland,,16363.0,,,0.7287,,,,,,,,23102.0,13.0,,,,,27754.0,0.5845
DePauw University,,23078.0,9375.0,0.8817,0.4114,,,,,,,28.0,,,,,1200.0,5.0,47975.5,0.5845
Don Roberts School of Hair Design,,14627.0,,,0.8714,,,,,,,,18300.0,13.0,,,,,27754.0,0.5845
Earlham College,,21370.0,6438.0,0.9091,0.4803,,,,,,50.0,29.0,,,,,1200.0,5.0,47975.5,0.5845
University of Evansville,,21626.0,8177.0,0.9583,0.4516,,,,,,247.0,248.0,,,,,1200.0,5.0,47975.5,0.5845
Franklin and Marshall College,,30281.0,10267.0,0.8867,0.4353,,,,,,,6.0,,,,,1200.0,3.0,47975.5,0.5845
Goshen College,,19342.0,5977.0,0.5505,0.5976,,,,,,81.0,24.0,,,,,1220.0,1.0,47975.5,0.5845
Grace College and Theological Seminary,,20820.0,7183.0,0.9828,0.5772,,,,,,338.0,242.0,,,,,1000.0,2.0,47975.5,0.5845
Empire Beauty School-Hanover Park,,16314.0,,,0.4026,,,,,,,,22010.0,11.0,,,,,27754.0,0.5845
J Michael Harrold Beauty Academy,,19105.0,,,0.6067,,,,,,,,14100.0,11.0,,,,,27754.0,0.5845
College of the Holy Cross,,37292.0,11417.0,0.882,0.5461,,,,,,,32.0,,,,,1000.0,5.0,47975.5,0.5845
PJ's College of Cosmetology-Clarksville,,13273.0,,,0.5074,,,,,,,,19716.0,12.0,,,,,27754.0,0.5845
Huntington University,,22869.0,6770.0,1.0,0.5998,,,,,,258.0,130.0,,,,,1000.0,1.0,47975.5,0.5845
Ivy Tech Community College,6919.0,,5772.0,0.3252,0.1789,,,,,,,13711.0,,,,,1440.0,,27754.0,0.5845
Purdue University Fort Wayne,10912.0,,7632.0,0.9228,0.3328,,,,,,511.0,2947.0,,,,,1240.0,1.0,47975.5,0.5845
Purdue University - Purdue Polytechnic Indianapolis,,,,,,,,,,,,,,,,,,,,0.5845
Indiana University-Purdue University-Indianapolis,11285.0,,8593.0,0.5653,0.4276,,,,,,8364.0,673.0,,,,,1110.0,1.0,47975.5,0.5845
Indiana Institute of Technology,,19305.0,7761.0,1.0,0.7393,,,,,,647.0,88.0,,,,,0.0,1.0,47975.5,0.5845
University of Southern Indiana,13437.0,,7260.0,1.0,0.384,,,,,,1543.0,2133.0,,,,,1200.0,1.0,47975.5,0.5845
Indiana State University,13896.0,,7411.0,0.7261,0.5669,,,,,,1930.0,611.0,,,,,1200.0,2.0,47975.5,0.5845
Indiana University-Kokomo,9796.0,,6365.0,0.5484,0.4186,,,,,,195.0,217.0,,,,,1110.0,1.0,47975.5,0.5845
Indiana University-South Bend,8717.0,,6536.0,0.627,0.4476,,,,,,541.0,119.0,,,,,1110.0,1.0,47975.5,0.5845
Indiana University-Bloomington,13253.0,,10670.0,0.8764,0.3146,,,,,,10176.0,290.0,,,,,1110.0,1.0,47975.5,0.5845
Indiana University-Northwest,7755.0,,7275.0,0.5,0.4344,,,,,,423.0,168.0,,,,,1110.0,1.0,47975.5,0.5845
Indiana University-Southeast,10657.0,,7119.0,0.978,0.3986,,,,,,485.0,81.0,,,,,1110.0,1.0,47975.5,0.5845
Indiana University-East,7722.0,,6940.0,0.4054,0.4188,,,,,,266.0,365.0,,,,,1110.0,1.0,47975.5,0.5845
International Business College-Fort Wayne,,17201.0,3927.0,,0.8859,,,,,,,,,,,,1500.0,3.0,36066.0,0.5845
International Business College-Indianapolis,,16282.0,4589.0,0.6,0.8566,,,,,,,,,,,,2013.0,3.0,36066.0,0.5845
Tricoci University of Beauty Culture-Lafayette,,14742.0,,,0.6903,,,,,,,,20527.0,13.0,,,,,27754.0,0.5845
Empire Beauty School-Indianapolis,,16073.0,,,0.5552,,,,,,,,22010.0,11.0,,,,,27754.0,0.5845
Lincoln College of Technology-Indianapolis,,21935.0,4447.0,0.8684,0.7037,,,,,,,6.0,33912.0,13.0,,,,,27754.0,0.5845
University of New Hampshire at Manchester,13649.0,,9815.0,0.3964,0.5062,,,,,,30.0,15.0,,,,,1000.0,5.0,47975.5,0.5845
Marian University,,19928.0,6672.0,0.8875,0.7196,,,,,,329.0,3.0,,,,,800.0,1.0,47975.5,0.5845
Indiana Wesleyan University-Marion,,20946.0,7269.0,1.0,0.5713,,,,,,403.0,180.0,,,,,1384.0,1.0,47975.5,0.5845
The University of Tennessee-Martin,10955.0,,7389.0,0.6718,0.4335,,,,,,517.0,1536.0,,,,,1400.0,1.0,47975.5,0.5845
Anabaptist Mennonite Biblical Seminary,,,5868.0,0.7778,,,,,,,88.0,,,,,,,,,0.5845
Mid-America College of Funeral Service,,18370.0,3333.0,,0.7951,,,,,,,,,,,,0.0,,36066.0,0.5845
West Michigan College of Barbering and Beauty,,11744.0,,,0.4712,,,,,,,,18195.0,11.0,,,,,27754.0,0.5845
University of Notre Dame,,33025.0,14604.0,0.903,0.313,,,,,,3951.0,43.0,,,,,1050.0,1.0,47975.5,0.5845
Oakland City University,,11894.0,5733.0,0.2079,0.2226,,,,,,170.0,663.0,,,,,1458.0,1.0,47975.5,0.5845
PJ's College of Cosmetology-Richmond,,12160.0,,,0.6098,,,,,,,,19716.0,13.0,,,,,27754.0,0.5845
Ravenscroft Beauty College,,17272.0,,,0.5861,,,,,,,,17350.0,13.0,,,,,27754.0,0.5845
Rogers Academy of Hair Design,,15502.0,,,0.6601,,,,,,,,17250.0,13.0,,,,,27754.0,0.5845
Rose-Hulman Institute of Technology,,39076.0,11090.0,0.9505,0.4542,,,,,,38.0,8.0,,,,,1500.0,1.0,47975.5,0.5845
University of Saint Francis-Fort Wayne,,17796.0,6736.0,0.4557,0.7087,,,,,,504.0,4.0,,,,,1200.0,1.0,47975.5,0.5845
Saint Mary-of-the-Woods College,,15669.0,5627.0,0.2902,0.7165,,,,,,327.0,12.0,,,,,1600.0,5.0,47975.5,0.5845
Saint Mary-of-the-Woods College,,15669.0,5627.0,0.2902,0.7165,,,,,,327.0,12.0,,,,,1600.0,5.0,47975.5,0.5845
Saint Meinrad School of Theology,,,8085.0,1.0,,,,,,,177.0,,,,,,,,,0.5845
Saint Elizabeth School of Nursing,,21932.0,,,0.7698,,,,,,,,,,,,882.0,1.0,27754.0,0.5845
Taylor University,,25888.0,6866.0,0.6473,0.419,,,,,,26.0,313.0,,,,,1100.0,1.0,47975.5,0.5845
Trine University,,23202.0,7426.0,0.4444,0.3542,,,,,,162.0,1688.0,,,,,1200.0,1.0,47975.5,0.5845
Valparaiso University,,18852.0,7866.0,0.7511,0.5674,,,,,,510.0,27.0,,,,,1200.0,1.0,47975.5,0.5845
Vincennes Beauty College,,10370.0,,,0.3125,,,,,,,,12205.0,13.0,,,,,27754.0,0.5845
Vincennes University,10845.0,,5929.0,0.2375,0.1411,,,,,,,11815.0,,,,,1298.0,,36066.0,0.5845
Wabash Valley College,6061.0,,5747.0,0.3298,0.0382,,,,,,,2134.0,,,,,1300.0,,36066.0,0.5845
Allen County Community College,7760.0,,5786.0,0.2206,0.1169,,,,,,,1078.0,,,,,392.0,,36066.0,0.5845
Briar Cliff University,,20604.0,6006.0,0.6979,0.6742,,,,,,257.0,81.0,,,,,1320.0,,47975.5,0.5845
Buena Vista University,,17544.0,6543.0,0.3647,0.7671,,,,,,337.0,64.0,,,,,999.0,1.0,47975.5,0.5845
Capri College-Dubuque,,11300.0,,,0.5877,,,,,,,,19945.0,16.0,,,,,27754.0,0.5845
Capri College-Cedar Rapids,,11024.0,,,0.4857,,,,,,,,19945.0,16.0,,,,,27754.0,0.5845
College of Central Florida,6548.0,,5982.0,0.4087,0.2349,,,,,,,1128.0,,,,,1400.0,,36066.0,0.5845
Clarke University,,34204.0,6167.0,0.5674,0.4879,,,,,,219.0,16.0,,,,,1330.0,1.0,47975.5,0.5845
Coe College,,19955.0,6852.0,1.0,0.718,,,,,,,53.0,,,,,1000.0,2.0,47975.5,0.5845
Weill Medical College of Cornell University,,,,1.0,,,,,,,1327.0,,,,,,,,,0.5845
Des Moines Area Community College,10076.0,,7648.0,0.9973,0.1813,,,,,,,11746.0,,,,,904.0,,36066.0,0.5845
Divine Word College,,,5894.0,0.68,0.0877,,,,,,,1.0,,,,,300.0,2.0,47975.5,0.5845
Dordt University,,25102.0,6509.0,0.6377,0.5386,,,,,,162.0,72.0,,,,,1110.0,1.0,47975.5,0.5845
Drake University,,29432.0,9566.0,0.6694,0.4793,,,,,,1930.0,52.0,,,,,1100.0,1.0,47975.5,0.5845
University of Dubuque,,26748.0,5731.0,1.0,0.8243,,,,,,402.0,6.0,,,,,950.0,1.0,47975.5,0.5845
Ellsworth Community College,11198.0,,7268.0,1.0,0.5038,,,,,,,143.0,,,,,1200.0,,36066.0,0.5845
Emmaus Bible College,,13473.0,4543.0,0.6757,0.3908,,,,,,,12.0,,,,,600.0,1.0,47975.5,0.5845
Eastern Iowa Community College District,10650.0,,5672.0,1.0,0.2098,,,,,,,4432.0,,,,,1600.0,,36066.0,0.5845
Faith Baptist Bible College and Theological Seminary,,14419.0,5203.0,0.38,0.3276,,,,,,43.0,55.0,,,,,1305.0,5.0,47975.5,0.5845
Faust Institute of Cosmetology-Storm Lake,,5056.0,,,0.8276,,,,,,,,15550.0,15.0,,,,,27754.0,0.5845
Graceland University-Lamoni,,17650.0,6150.0,0.9873,0.7551,,,,,,701.0,66.0,,,,,1400.0,1.0,47975.5,0.5845
Grand View University,,19826.0,6675.0,0.4063,0.7097,,,,,,89.0,75.0,,,,,836.0,1.0,47975.5,0.5845
Grinnell College,,22486.0,11518.0,0.8162,0.3945,,,,,,,36.0,,,,,900.0,1.0,47975.5,0.5845
Hamilton Technical College,,19640.0,3830.0,,0.8358,,,,,,,,,,,,,,27754.0,0.5845
Hawkeye Community College,11495.0,,6368.0,1.0,0.3084,,,,,,,2106.0,,,,,1324.0,,36066.0,0.5845
American Hair Academy,,9127.0,,,0.8421,,,,,,,,19680.0,14.0,,,,,27754.0,0.5845
Indian Hills Community College,7217.0,,6196.0,0.3384,0.3282,,,,,,,1657.0,,,,,1344.0,,36066.0,0.5845
Iowa Central Community College,10102.0,,7593.0,1.0,0.3896,,,,,,,2095.0,,,,,1440.0,,36066.0,0.5845
Iowa Lakes Community College,10509.0,,5857.0,0.9859,0.2741,,,,,,,941.0,,,,,1384.0,,36066.0,0.5845
UnityPoint Health-Des Moines School of Radiologic Technology,,,,,0.4375,,,,,,,,,,,,,,27754.0,0.5845
American College of Hairstyling-Des Moines,,8450.0,,,0.6585,,,,,,,,23978.0,14.0,,,,,27754.0,0.5845
Iowa School of Beauty-Des Moines,,13237.0,,,0.6212,,,,,,,,19898.0,15.0,,,,,27754.0,0.5845
Iowa State University,15496.0,,11329.0,0.8351,0.4766,,,,,,5078.0,364.0,,,,,1041.0,1.0,47975.5,0.5845
Iowa Wesleyan University,,26312.0,6004.0,0.3304,0.6369,,,,,,29.0,2.0,,,,,1315.0,1.0,47975.5,0.5845
Iowa Western Community College,11477.0,,5626.0,1.0,0.4509,,,,,,,2314.0,,,,,1400.0,,36066.0,0.5845
University of Iowa,19145.0,,11308.0,0.8442,0.4269,,,,,,7758.0,562.0,,,,,950.0,1.0,47975.5,0.5845
Kirkwood Community College,10939.0,,7116.0,1.0,0.2879,,,,,,,5224.0,,,,,1000.0,,36066.0,0.5845
La James International College-Cedar Falls,,15202.0,,,0.6053,,,,,,,,20828.0,15.0,,,,,27754.0,0.5845
La James International College-Johnston,,14290.0,,,0.5056,,,,,,,,20815.0,15.0,,,,,27754.0,0.5845
La James College of Hairstyling and Cosmetology,,8394.0,,,0.775,,,,,,,,20250.0,15.0,,,,,27754.0,0.5845
La James International College-Ft Dodge,,14992.0,,,0.5789,,,,,,,,20828.0,15.0,,,,,27754.0,0.5845
Loras College,,20676.0,6777.0,0.7832,0.6856,,,,,,83.0,45.0,,,,,1100.0,1.0,47975.5,0.5845
Bethany Lutheran College,,16368.0,6609.0,0.6118,0.5602,,,,,,,149.0,,,,,800.0,1.0,47975.5,0.5845
Maharishi International University,,12441.0,3345.0,0.8906,0.6574,,,,,,1404.0,1.0,,,,,1000.0,3.0,47975.5,0.5845
Marshalltown Community College,7456.0,,7518.0,1.0,0.1828,,,,,,,1069.0,,,,,1352.0,,36066.0,0.5845
Mercy College of Health Sciences,,21989.0,5835.0,0.459,0.7675,,,,,,,4.0,,,,,1588.0,5.0,47975.5,0.5845
Morningside College,,21337.0,6969.0,1.0,0.7324,,,,,,1322.0,61.0,,,,,1300.0,1.0,47975.5,0.5845
Mount Mercy University,,20857.0,6087.0,1.0,0.7295,,,,,,365.0,13.0,,,,,1320.0,1.0,47975.5,0.5845
Ashford University,,20510.0,6588.0,0.0806,0.5666,,,,,,5706.0,520.0,,,,,1070.0,,47975.5,0.5845
North Iowa Area Community College,8409.0,,7210.0,1.0,0.2778,,,,,,,1146.0,,,,,1020.0,,36066.0,0.5845
University of Northern Iowa,15620.0,,8344.0,0.7728,0.5461,,,,,,1524.0,165.0,,,,,900.0,1.0,47975.5,0.5845
Northwestern College,,23875.0,5485.0,0.2456,0.8593,,,,,,,,,,,,1548.0,2.0,36066.0,0.5845
Northeast Iowa Community College,10505.0,,6027.0,0.3242,0.238,,,,,,,2377.0,,,,,1400.0,,36066.0,0.5845
Northwest Iowa Community College,12125.0,,6795.0,0.2292,0.1919,,,,,,,975.0,,,,,1312.0,,36066.0,0.5845
Des Moines University-Osteopathic Medical Center,,,8295.0,0.4878,,,,,,,1530.0,,,,,,,,,0.5845
Iowa School of Beauty-Ottumwa,,9278.0,,,0.4898,,,,,,,,19898.0,15.0,,,,,27754.0,0.5845
Palmer College of Chiropractic,,,6278.0,0.8086,0.7083,,,,,,2165.0,,,,,,,,47975.5,0.5845
PCI Academy-Ames,,15847.0,,,0.4502,,,,,,,,23624.0,14.0,,,,,27754.0,0.5845
Saint Ambrose University,,26204.0,7514.0,1.0,0.6812,,,,,,708.0,11.0,,,,,1320.0,1.0,47975.5,0.5845
Saint Luke's College of Health Sciences,,23068.0,7716.0,0.8387,0.7129,,,,,,129.0,24.0,,,,,400.0,,47975.5,0.5845
La James International College-Davenport,,13447.0,,,0.59,,,,,,,,20828.0,15.0,,,,,27754.0,0.5845
Simpson University,,22703.0,5763.0,1.0,0.6347,,,,,,152.0,1.0,,,,,1760.0,1.0,47975.5,0.5845
Southeastern Community College,7223.0,,6647.0,1.0,0.2578,,,,,,,876.0,,,,,1384.0,,36066.0,0.5845
Southwestern College,4694.0,,9979.0,0.2446,0.0107,,,,,,,1392.0,,,,,1971.0,,36066.0,0.5845
Capri College-Davenport,,11933.0,,,0.5152,,,,,,,,19945.0,16.0,,,,,27754.0,0.5845
Iowa School of Beauty-Sioux City,,13129.0,,,0.7302,,,,,,,,19898.0,15.0,,,,,27754.0,0.5845
New England School of Hair Design,,15286.0,,,0.4878,,,,,,,,20411.0,14.0,,,,,27754.0,0.5845
Upper Iowa University,,21624.0,5842.0,1.0,0.564,,,,,,599.0,242.0,,,,,1560.0,1.0,47975.5,0.5845
Waldorf University,,20036.0,5441.0,0.2459,0.5235,,,,,,519.0,91.0,,,,,1348.0,1.0,47975.5,0.5845
Wartburg College,,21787.0,6803.0,1.0,0.6756,,,,,,,27.0,,,,,1100.0,1.0,47975.5,0.5845
Wartburg Theological Seminary,,,6594.0,0.9091,,,,,,,186.0,,,,,,,,,0.5845
The Salon Professional Academy-Cedar Falls,,8387.0,,,0.493,,,,,,,,20165.0,16.0,,,,,27754.0,0.5845
Western Iowa Tech Community College,7201.0,,6592.0,0.307,0.3521,,,,,,,3088.0,,,,,1320.0,,27754.0,0.5845
William Penn University,,20637.0,5754.0,0.9574,0.8295,,,,,,63.0,33.0,,,,,1278.0,5.0,47975.5,0.5845
Allen County Community College,7760.0,,5786.0,0.2206,0.1169,,,,,,,1078.0,,,,,392.0,,36066.0,0.5845
Baker University,,22879.0,6031.0,0.2409,0.5075,,,,,,923.0,282.0,,,,,1200.0,1.0,47975.5,0.5845
Barton County Community College,8792.0,,5613.0,0.9589,0.1016,,,,,,,1940.0,,,,,1440.0,,36066.0,0.5845
Benedictine College,,23011.0,6922.0,0.6703,0.5503,,,,,,73.0,132.0,,,,,1200.0,1.0,47975.5,0.5845
Bethany Lutheran College,,16368.0,6609.0,0.6118,0.5602,,,,,,,149.0,,,,,800.0,1.0,47975.5,0.5845
Bethel College-North Newton,,21646.0,5622.0,0.6508,0.75,,,,,,,6.0,,,,,700.0,1.0,47975.5,0.5845
Butler Community College,13895.0,,6191.0,1.0,0.2208,,,,,,,1112.0,,,,,1200.0,,36066.0,0.5845
Central Christian College of Kansas,,14386.0,3708.0,0.338,0.8237,,,,,,,86.0,,,,,1000.0,,47975.5,0.5845
Cloud County Community College,10406.0,,3939.0,0.2216,0.1756,,,,,,,784.0,,,,,1554.0,,36066.0,0.5845
Coffeyville Community College,5377.0,,5046.0,0.6769,0.2471,,,,,,,713.0,,,,,1100.0,,36066.0,0.5845
Colby Community College,9905.0,,3484.0,0.98,0.1416,,,,,,,529.0,,,,,1200.0,,36066.0,0.5845
Cowley County Community College,7908.0,,5646.0,1.0,0.274,,,,,,,648.0,,,,,2000.0,,36066.0,0.5845
Dodge City Community College,4506.0,,6059.0,1.0,0.1047,,,,,,,81.0,,,,,1600.0,,36066.0,0.5845
Donnelly College,,11732.0,6159.0,1.0,0.3269,,,,,,,7.0,,,,,960.0,,36066.0,0.5845
Emporia State University,14822.0,,6946.0,0.8847,0.6397,,,,,,2472.0,147.0,,,,,1000.0,1.0,47975.5,0.5845
Flint Hills Technical College,13170.0,,5129.0,0.5152,0.1607,,,,,,,1116.0,,,,,1700.0,,27754.0,0.5845
Fort Hays State University,12053.0,,7106.0,0.521,0.3584,,,,,,2780.0,300.0,,,,,1000.0,2.0,47975.5,0.5845
Barclay College,,23153.0,4680.0,0.5143,0.6573,,,,,,36.0,1.0,,,,,1200.0,2.0,47975.5,0.5845
Friends University,,20686.0,6634.0,1.0,0.5265,,,,,,527.0,259.0,,,,,1500.0,1.0,47975.5,0.5845
Fort Scott Community College,5178.0,,4162.0,0.381,0.2323,,,,,,,712.0,,,,,1200.0,,27754.0,0.5845
Garden City Community College,4795.0,,5707.0,1.0,0.397,,,,,,,354.0,,,,,600.0,,36066.0,0.5845
Haskell Indian Nations University,2836.0,,6215.0,,0.0,,,,,,,4.0,,,,,1600.0,1.0,36066.0,0.5845
Hays Academy of Hair Design,,13149.0,,,0.7576,,,,,,,,15900.0,12.0,,,,,27754.0,0.5845
Hesston College,,21183.0,5065.0,0.5082,0.7661,,,,,,,,,,,,1400.0,,36066.0,0.5845
Pennsylvania Highlands Community College,7583.0,,4900.0,0.26,0.2111,,,,,,,1741.0,,,,,2000.0,,36066.0,0.5845
Hutchinson Community College,7922.0,,5085.0,1.0,0.1493,,,,,,,2082.0,,,,,1000.0,,36066.0,0.5845
Independence Community College,5885.0,,4783.0,1.0,0.2813,,,,,,,364.0,,,,,816.0,,27754.0,0.5845
Johnson County Community College,12632.0,,8148.0,0.4095,0.0908,,,,,,,7196.0,,,,,1560.0,,36066.0,0.5845
Concorde Career College-Kansas City,,25995.0,6754.0,0.7609,0.5977,,,,,,,,17482.0,8.0,,,,3.0,27754.0,0.5845
Kansas City Kansas Community College,15582.0,,7169.0,1.0,0.1144,,,,,,,2240.0,,,,,1000.0,,27754.0,0.5845
Central Christian College of Kansas,,14386.0,3708.0,0.338,0.8237,,,,,,,86.0,,,,,1000.0,,47975.5,0.5845
University of Kansas,18918.0,,10430.0,0.8515,0.4175,,,,,,7885.0,664.0,,,,,1212.0,1.0,47975.5,0.5845
Newman University,,16497.0,5805.0,0.9785,0.2176,,,,,,500.0,1708.0,,,,,1268.0,1.0,47975.5,0.5845
Old Town Barber College-Wichita,,16779.0,,,0.6333,,,,,,,,17850.0,10.0,,,,,27754.0,0.5845
Kansas State University,18285.0,,9289.0,0.9058,0.4455,,,,,,4509.0,261.0,,,,,924.0,2.0,47975.5,0.5845
Kansas Wesleyan University,,21804.0,5769.0,1.0,0.8132,,,,,,63.0,16.0,,,,,1200.0,1.0,47975.5,0.5845
Washburn Institute of Technology,11923.0,,,,0.2766,,,,,,,11.0,,,,,1200.0,3.0,27754.0,0.5845
Labette Community College,5753.0,,5687.0,0.2615,0.1084,,,,,,,244.0,,,,,1050.0,,36066.0,0.5845
Manhattan Area Technical College,13149.0,,4963.0,1.0,0.3308,,,,,,,463.0,,,,,2000.0,,27754.0,0.5845
Manhattan Christian College,,25199.0,5405.0,0.3939,0.6372,,,,,,,,,,,,2000.0,1.0,47975.5,0.5845
McPherson College,,23667.0,6601.0,0.6923,0.6995,,,,,,26.0,55.0,,,,,1420.0,1.0,47975.5,0.5845
MidAmerica Nazarene University,,26222.0,6313.0,0.9625,0.5896,,,,,,657.0,137.0,,,,,1514.0,5.0,47975.5,0.5845
Neosho County Community College,8552.0,,5148.0,0.3671,0.1657,,,,,,,839.0,,,,,1100.0,,27754.0,0.5845
North Central Kansas Technical College,12425.0,,4498.0,0.8065,0.4177,,,,,,,451.0,,,,,1790.0,,27754.0,0.5845
Northwest Kansas Technical College,10627.0,,5288.0,0.4366,0.3183,,,,,,,353.0,18897.0,17.0,,,,,27754.0,0.5845
Ottawa University-Ottawa,,24585.0,6335.0,0.9512,0.8881,,,,,,58.0,,,,,,1100.0,1.0,47975.5,0.5845
Ottawa University-Kansas City,,,4037.0,1.0,0.6006,,,,,,240.0,6.0,,,,,,,47975.5,0.5845
Pittsburg State University,14436.0,,7500.0,0.6964,0.5415,,,,,,1464.0,291.0,,,,,1000.0,5.0,47975.5,0.5845
Pratt Community College,7061.0,,5506.0,0.973,0.2083,,,,,,,560.0,,,,,2000.0,,27754.0,0.5845
Mount St. Mary's University,,27954.0,7945.0,1.0,0.6006,,,,,,464.0,67.0,,,,,1300.0,5.0,47975.5,0.5845
Salina Area Technical College,9292.0,,5544.0,0.3623,0.1168,,,,,,,515.0,,,,,999.0,,27754.0,0.5845
Seward County Community College,5222.0,,5323.0,0.5133,0.0674,,,,,,,740.0,,,,,800.0,,27754.0,0.5845
Southwestern College,4694.0,,9979.0,0.2446,0.0107,,,,,,,1392.0,,,,,1971.0,,36066.0,0.5845
Northeastern Junior College,13512.0,,5690.0,0.6933,0.3251,,,,,,,373.0,,,,,1800.0,,27754.0,0.5845
Tabor College,,24221.0,4766.0,1.0,0.7165,,,,,,65.0,58.0,,,,,1200.0,1.0,47975.5,0.5845
Washburn University,14481.0,,7563.0,0.6293,0.4329,,,,,,813.0,901.0,,,,,1000.0,,47975.5,0.5845
Wichita State University-Campus of Applied Sciences and Technology,11308.0,,4793.0,0.2143,0.2726,,,,,,,2389.0,,,,,1168.0,,27754.0,0.5845
Wichita State University-Campus of Applied Sciences and Technology,11308.0,,4793.0,0.2143,0.2726,,,,,,,2389.0,,,,,1168.0,,27754.0,0.5845
Wichita Technical Institute,,16926.0,4386.0,0.6316,0.8184,,,,,,,,19737.0,12.0,,,,,27754.0,0.5845
Alice Lloyd College,,14727.0,4971.0,0.6341,0.5431,,,,,,,,,,,,1400.0,1.0,47975.5,0.5845
Asbury University,,27631.0,6582.0,0.4796,0.6105,,,,,,216.0,140.0,,,,,1330.0,5.0,47975.5,0.5845
Asbury Theological Seminary,,,8711.0,1.0,,,,,,,1698.0,,,,,,,,,0.5845
Ashland Community and Technical College,5442.0,,5710.0,0.9859,0.3343,,,,,,,596.0,,,,,1000.0,,27754.0,0.5845
Barrett and Company School of Hair Design,,17016.0,,,0.5833,,,,,,,,19025.0,13.0,,,,,27754.0,0.5845
Bellarmine University,,23121.0,8113.0,0.4416,0.6027,,,,,,778.0,72.0,,,,,752.0,1.0,47975.5,0.5845
Berea College,,5184.0,8171.0,0.8586,0.2014,,,,,,,36.0,,,,,700.0,1.0,47975.5,0.5845
PJ's College of Cosmetology-Bowling Green,,12698.0,,,0.5986,,,,,,,,19716.0,15.0,,,,,27754.0,0.5845
Southcentral Kentucky Community and Technical College,5253.0,,4994.0,0.9153,0.178,,,,,,,1190.0,,,,,1000.0,,27754.0,0.5845
Brescia University,,12270.0,5582.0,0.4752,0.6815,,,,,,77.0,94.0,,,,,3000.0,5.0,47975.5,0.5845
Campbellsville University,,17689.0,5460.0,0.3886,0.4918,,,,,,7641.0,2019.0,,,,,1200.0,2.0,47975.5,0.5845
Bluegrass Community and Technical College,6082.0,,5689.0,0.9802,0.2447,,,,,,,1832.0,,,,,1000.0,,27754.0,0.5845
Centre College,,22251.0,8329.0,0.92,0.4498,,,,,,,10.0,,,,,1400.0,1.0,47975.5,0.5845
Clear Creek Baptist Bible College,,14486.0,4535.0,0.6923,0.0,,,,,,,25.0,,,,,1400.0,,47975.5,0.5845
Paul Mitchell the School-Lexington,,19413.0,,,0.4864,,,,,,,,19572.0,11.0,,,,,27754.0,0.5845
Galen College of Nursing-Louisville,,,5584.0,0.4507,0.8188,,,,,,18.0,,21875.0,36.0,,,,,36066.0,0.5845
University of the Cumberlands,,16894.0,5600.0,0.2922,0.428,,,,,,13092.0,539.0,,,,,1400.0,1.0,47975.5,0.5845
Eastern Kentucky University,14149.0,,7089.0,0.5768,0.5046,,,,,,2318.0,1080.0,,,,,1200.0,1.0,47975.5,0.5845
Elizabethtown Community and Technical College,5684.0,,5819.0,0.9063,0.1418,,,,,,,2501.0,,,,,1000.0,,27754.0,0.5845
Frontier Nursing University,,,7335.0,0.8889,,,,,,,2237.0,,,,,,,,,0.5845
Georgetown College,,17300.0,6348.0,0.6054,0.6847,,,,,,501.0,38.0,,,,,1250.0,1.0,47975.5,0.5845
PJ's College of Cosmetology-Glasgow,,15349.0,,,0.5915,,,,,,,,19966.0,15.0,,,,,27754.0,0.5845
Hazard Community and Technical College,4036.0,,6162.0,0.9545,0.1491,,,,,,,1641.0,,,,,1000.0,,27754.0,0.5845
Paul Mitchell the School-Louisville,,20402.0,,,0.5968,,,,,,,,18971.0,12.0,,,,,27754.0,0.5845
Henderson Community College,4848.0,,5751.0,1.0,0.191,,,,,,,651.0,,,,,1000.0,,27754.0,0.5845
Hopkinsville Community College,5738.0,,5128.0,0.9649,0.171,,,,,,,597.0,,,,,1000.0,,27754.0,0.5845
Jefferson Community and Technical College,6005.0,,5882.0,0.9403,0.1926,,,,,,,3897.0,,,,,1000.0,,27754.0,0.5845
Summit Salon Academy-Lexington,,9204.0,,,0.8167,,,,,,,,9095.0,8.0,,,,,27754.0,0.5845
American National University-Pikeville,,21119.0,3862.0,,0.8261,,,,,,,,,,,,,,27754.0,0.5845
Kentucky Mountain Bible College,,9614.0,1002.0,,0.4366,,,,,,,8.0,,,,,500.0,1.0,47975.5,0.5845
Kentucky State University,7076.0,,6729.0,0.8035,0.4958,,,,,,142.0,610.0,,,,,1300.0,1.0,47975.5,0.5845
Kentucky Wesleyan College,,18605.0,5407.0,0.5165,0.6265,,,,,,,28.0,,,,,1298.0,1.0,47975.5,0.5845
Eastern Kentucky University,14149.0,,7089.0,0.5768,0.5046,,,,,,2318.0,1080.0,,,,,1200.0,1.0,47975.5,0.5845
Kentucky Christian University,,19556.0,4806.0,0.3187,0.6066,,,,,,95.0,91.0,,,,,1200.0,1.0,47975.5,0.5845
Lexington Theological Seminary,,,5832.0,0.119,,,,,,,94.0,,,,,,,,,0.5845
Lindsey Wilson College,,15435.0,5604.0,0.5867,0.6917,,,,,,572.0,105.0,,,,,1000.0,,47975.5,0.5845
University of Louisville,16867.0,,8758.0,0.5488,0.3812,,,,,,5810.0,1557.0,,,,,1200.0,1.0,47975.5,0.5845
Louisville Presbyterian Theological Seminary,,,6525.0,1.0,,,,,,,152.0,,,,,,,,,0.5845
Madisonville Community College,5129.0,,6057.0,0.988,0.145,,,,,,,1897.0,,,,,1000.0,,27754.0,0.5845
Maysville Community and Technical College,5362.0,,5672.0,0.9773,0.21,,,,,,,1630.0,,,,,1000.0,,27754.0,0.5845
Midway University,,22706.0,6691.0,0.2171,0.6972,,,,,,216.0,24.0,,,,,1200.0,1.0,47975.5,0.5845
Morehead State University,12421.0,,6542.0,0.7453,0.4252,,,,,,696.0,3081.0,,,,,1440.0,1.0,47975.5,0.5845
Murray State University,11390.0,,6795.0,0.8078,0.4336,,,,,,1417.0,1343.0,,,,,1260.0,1.0,47975.5,0.5845
Gateway Community and Technical College,6231.0,,5407.0,0.8764,0.2127,,,,,,,1800.0,,,,,1000.0,,27754.0,0.5845
Northern Kentucky University,9049.0,,7946.0,0.97,0.4414,,,,,,3796.0,1986.0,,,,,800.0,1.0,47975.5,0.5845
West Kentucky Community and Technical College,5467.0,,5608.0,0.952,0.1309,,,,,,,2909.0,,,,,1000.0,,27754.0,0.5845
American National University-Pikeville,,21119.0,3862.0,,0.8261,,,,,,,,,,,,,,27754.0,0.5845
Big Sandy Community and Technical College,4628.0,,5932.0,0.8515,0.1792,,,,,,,491.0,,,,,1000.0,,27754.0,0.5845
Empire Beauty School-Chenoweth,,14729.0,,,0.5887,,,,,,,,19895.0,11.0,,,,,27754.0,0.5845
Empire Beauty School-Elizabethtown,,14528.0,,,0.5556,,,,,,,,19895.0,11.0,,,,,27754.0,0.5845
Empire Beauty School-Dixie,,14739.0,,,0.4331,,,,,,,,19895.0,11.0,,,,,27754.0,0.5845
Empire Beauty School-Florence,,14386.0,,,0.6188,,,,,,,,19895.0,11.0,,,,,27754.0,0.5845
Somerset Community College,4509.0,,5703.0,0.9597,0.2649,,,,,,,1699.0,,,,,1000.0,,27754.0,0.5845
Southeast Kentucky Community,4774.0,,6004.0,1.0,0.1284,,,,,,,1664.0,,,,,1000.0,,27754.0,0.5845
The Southern Baptist Theological Seminary,,,7226.0,1.0,0.0,,,,,,3245.0,95.0,,,,,1700.0,1.0,47975.5,0.5845
Spalding University,,25992.0,7590.0,0.6713,0.6411,,,,,,704.0,51.0,,,,,1650.0,5.0,47975.5,0.5845
Sullivan University,,22392.0,6312.0,0.3826,0.6993,,,,,,694.0,65.0,,,,,1800.0,,36066.0,0.5845
Thomas More University,,19161.0,6532.0,0.5714,0.5227,,,,,,208.0,491.0,,,,,,1.0,47975.5,0.5845
Transylvania University,,23906.0,7612.0,0.7798,0.5968,,,,,,,,,,,,1000.0,5.0,47975.5,0.5845
Pacific Union College,,21835.0,6351.0,0.9205,0.7817,,,,,,3.0,17.0,,,,,1971.0,1.0,47975.5,0.5845
Western Kentucky University,11962.0,,7713.0,0.6639,0.4115,,,,,,2276.0,2756.0,,,,,1000.0,1.0,47975.5,0.5845
Central Louisiana Technical Community College,7873.0,,4813.0,0.625,0.2121,,,,,,,1009.0,,,,,1220.0,,27754.0,0.5845
Ayers Career College,,22237.0,,,0.6624,,,,,,,,15900.0,9.0,,,,,27754.0,0.5845
Baton Rouge School of Computers,,19617.0,3042.0,,0.7538,,,,,,,,17304.0,8.0,,,,,27754.0,0.5845
Bossier Parish Community College,8905.0,,5122.0,0.6832,0.4937,,,,,,,694.0,,,,,1300.0,,27754.0,0.5845
Centenary College of Louisiana,,20740.0,7240.0,0.7,0.6377,,,,,,25.0,6.0,,,,,1300.0,1.0,47975.5,0.5845
Cloyd's Beauty School 1 Inc,,4021.0,,,0.0,,,,,,,,8600.0,15.0,,,,,27754.0,0.5845
Crescent City Bartending School,,14514.0,,,0.4449,,,,,,,,11950.0,8.0,,,,,27754.0,0.5845
Delgado Community College,10017.0,,5406.0,0.4451,0.4954,,,,,,,1030.0,,,,,1600.0,,27754.0,0.5845
Avery James School of Cosmetology,,16110.0,,,0.7544,,,,,,,,15660.0,13.0,,,,,27754.0,0.5845
Denham Springs Beauty School,,10721.0,,,0.4904,,,,,,,,15450.0,15.0,,,,,27754.0,0.5845
Dillard University,,17128.0,6472.0,0.5926,0.8786,,,,,,,10.0,,,,,1300.0,1.0,47975.5,0.5845
Nunez Community College,10146.0,,4769.0,0.4595,0.5403,,,,,,,371.0,,,,,1300.0,,27754.0,0.5845
Grambling State University,18516.0,,6352.0,0.9944,0.8584,,,,,,1079.0,,,,,,1800.0,5.0,47975.5,0.5845
Guy's Shreveport Academy of Cosmetology Inc,,15306.0,,,0.5086,,,,,,,,16989.0,11.0,,,,,27754.0,0.5845
ITI Technical College,,19906.0,3533.0,0.2949,0.7391,,,,,,,,,,,,1622.0,,36066.0,0.5845
John Jay Beauty College,,8508.0,,,0.0,,,,,,,,11700.0,13.0,,,,,27754.0,0.5845
Louisiana State University Health Sciences Center-New Orleans,,,8450.0,0.7032,0.442,,,,,,1899.0,,,,,,,,47975.5,0.5845
Louisiana State University-Alexandria,8413.0,,5955.0,0.5741,0.4646,,,,,,,488.0,,,,,1220.0,1.0,47975.5,0.5845
Louisiana State University-Eunice,10009.0,,5396.0,0.5827,0.4239,,,,,,,420.0,,,,,1300.0,,36066.0,0.5845
Louisiana State University Health Sciences Center-Shreveport,,,6185.0,0.9123,0.6429,,,,,,906.0,,,,,,,,47975.5,0.5845
Louisiana Academy of Beauty,,12501.0,,,0.1731,,,,,,,,14500.0,13.0,,,,,27754.0,0.5845
Louisiana State University and Agricultural & Mechanical College,15465.0,,10187.0,0.9099,0.3242,,,,,,5930.0,2120.0,,,,,1038.0,1.0,47975.5,0.5845
Opelousas School of Cosmetology,,10712.0,,,0.6316,,,,,,,,12000.0,14.0,,,,,27754.0,0.5845
Louisiana Tech University,12084.0,,7894.0,0.7379,0.3311,,,,,,1221.0,2148.0,,,,,1242.0,1.0,47975.5,0.5845
Loyola University New Orleans,,21486.0,8589.0,0.609,0.5926,,,,,,1195.0,129.0,,,,,1276.0,1.0,47975.5,0.5845
McNeese State University,12267.0,,6883.0,1.0,0.3564,,,,,,632.0,889.0,,,,,1300.0,1.0,47975.5,0.5845
Louisiana State University Health Sciences Center-New Orleans,,,8450.0,0.7032,0.442,,,,,,1899.0,,,,,,,,47975.5,0.5845
New Orleans Baptist Theological Seminary,,,6195.0,1.0,0.0,,,,,,1503.0,,,,,,960.0,,47975.5,0.5845
Nicholls State University,12247.0,,6338.0,1.0,0.4988,,,,,,585.0,291.0,,,,,1300.0,1.0,47975.5,0.5845
University of Louisiana at Monroe,10453.0,,7512.0,1.0,0.4122,,,,,,1725.0,1225.0,,,,,1300.0,1.0,47975.5,0.5845
Northwest Louisiana Technical Community College,10090.0,,4054.0,0.5545,0.0,,,,,,,105.0,,,,,1300.0,,27754.0,0.5845
Northwestern State University of Louisiana,12866.0,,6228.0,0.5976,0.4843,,,,,,1075.0,1634.0,,,,,1300.0,1.0,47975.5,0.5845
University of Holy Cross,,16466.0,7189.0,0.5532,0.5753,,,,,,327.0,75.0,,,,,1300.0,5.0,47975.5,0.5845
Franciscan Missionaries of Our Lady University,,17191.0,7625.0,1.0,0.5589,,,,,,276.0,51.0,,,,,1200.0,1.0,47975.5,0.5845
Pat Goins Benton Road Beauty School,,10098.0,,,0.5528,,,,,,,,18318.0,11.0,,,,,27754.0,0.5845
Celebrity Stylist Beauty School,,14950.0,,,0.5532,,,,,,,,16900.0,13.0,,,,,27754.0,0.5845
Pineville Beauty School,,9873.0,,,0.0,,,,,,,,12760.0,16.0,,,,,27754.0,0.5845
Saint Joseph Seminary College,,30272.0,3383.0,0.7949,0.1329,,,,,,,,,,,,1300.0,,47975.5,0.5845
LaSalle Tech,,17040.0,,,0.9302,,,,,,,,18694.0,16.0,,,,,27754.0,0.5845
Fletcher Technical Community College,8999.0,,4724.0,0.4155,0.3235,,,,,,,311.0,,,,,1200.0,,27754.0,0.5845
Remington College-Lafayette Campus,,21577.0,2514.0,,0.6685,,,,,,,,,,,,0.0,,27754.0,0.5845
SOWELA Technical Community College,8191.0,,5075.0,0.5408,0.0,,,,,,,991.0,,,,,1300.0,,27754.0,0.5845
Stevensons Academy of Hair Design,,4472.0,,,0.0,,,,,,,,14550.0,13.0,,,,,27754.0,0.5845
Southeastern Louisiana University,12171.0,,6774.0,0.8186,0.4242,,,,,,963.0,2196.0,,,,,1300.0,1.0,47975.5,0.5845
Southern University at New Orleans,7632.0,,6099.0,0.6338,0.8247,,,,,,415.0,204.0,,,,,1300.0,1.0,47975.5,0.5845
Southern University at Shreveport,8878.0,,4848.0,0.5379,0.5522,,,,,,,510.0,,,,,1600.0,,36066.0,0.5845
University of Louisiana at Lafayette,12487.0,,8280.0,0.7928,0.46,,,,,,2330.0,964.0,,,,,1300.0,1.0,47975.5,0.5845
Northshore Technical Community College,7012.0,,4797.0,0.6243,0.2379,,,,,,,2235.0,,,,,1300.0,,27754.0,0.5845
Tulane University of Louisiana,,37841.0,12224.0,0.638,0.2586,,,,,,4943.0,,,,,,1200.0,1.0,47975.5,0.5845
Xavier University of Louisiana,,19715.0,9058.0,0.8617,0.6676,,,,,,795.0,32.0,,,,,1300.0,1.0,47975.5,0.5845
College of the Atlantic,,20048.0,8534.0,1.0,0.503,,,,,,5.0,5.0,,,,,600.0,3.0,47975.5,0.5845
Bates College,,29321.0,11496.0,0.863,0.2091,,,,,,,,,,,,900.0,3.0,47975.5,0.5845
Beal University,,,2212.0,,0.1965,,,,,,,,26750.0,24.0,,,,,36066.0,0.5845
Bowdoin College,,21910.0,12316.0,0.8626,0.1761,,,,,,,3.0,,,,,840.0,3.0,47975.5,0.5845
Maine College of Health Professions,,16172.0,6312.0,0.3226,0.9266,,,,,,,,,,,,1200.0,1.0,36066.0,0.5845
Central Maine Community College,7029.0,,6142.0,0.2536,0.2757,,,,,,,975.0,,,,,1400.0,,36066.0,0.5845
Colby-Sawyer College,,26983.0,7230.0,1.0,0.7183,,,,,,4.0,14.0,,,,,2000.0,3.0,47975.5,0.5845
Eastern Maine Community College,10259.0,,6700.0,0.2748,0.3518,,,,,,,878.0,,,,,1400.0,,36066.0,0.5845
Kennebec Valley Community College,7693.0,,6304.0,0.3684,0.3203,,,,,,,915.0,,,,,1400.0,,36066.0,0.5845
The Landing School,,22799.0,7057.0,,0.377,,,,,,,,,,,,2246.0,,27754.0,0.5845
University of Maine at Augusta,10631.0,,7341.0,0.3775,0.4155,,,,,,,1134.0,,,,,1200.0,,47975.5,0.5845
University of Maine at Farmington,14548.0,,7299.0,0.6648,0.6745,,,,,,256.0,107.0,,,,,900.0,3.0,47975.5,0.5845
University of Maine at Fort Kent,11589.0,,6788.0,0.3721,0.3077,,,,,,,704.0,,,,,1000.0,5.0,47975.5,0.5845
University of Maine at Augusta,10631.0,,7341.0,0.3775,0.4155,,,,,,,1134.0,,,,,1200.0,,47975.5,0.5845
Maine Maritime Academy,23239.0,,12242.0,0.729,0.7794,,,,,,14.0,1.0,,,,,1000.0,1.0,47975.5,0.5845
University of Maine at Presque Isle,10637.0,,7158.0,0.4714,0.3026,,,,,,,638.0,,,,,900.0,2.0,47975.5,0.5845
Antioch University-New England,,,5030.0,,,,,,,,858.0,,,,,,,,,0.5845
Northern Maine Community College,9206.0,,6336.0,0.6,0.2873,,,,,,,271.0,,,,,1400.0,,36066.0,0.5845
Empire Beauty School-Maine,,15259.0,,,0.4194,,,,,,,,20375.0,11.0,,,,,27754.0,0.5845
Maine College of Art,,32293.0,5913.0,0.2162,0.8133,,,,,,65.0,5.0,,,,,1250.0,3.0,47975.5,0.5845
Saint Joseph's College of Maine,,26929.0,6232.0,1.0,0.6486,,,,,,670.0,41.0,,,,,1200.0,5.0,47975.5,0.5845
Spa Tech Institute-Westbrook,,13482.0,,,0.5811,,,,,,,,18319.0,12.0,,,,,27754.0,0.5845
Southern Maine Community College,10647.0,,6827.0,0.236,0.2608,,,,,,,1463.0,,,,,1400.0,,36066.0,0.5845
University of Southern Maine,12339.0,,8841.0,0.3556,0.4388,,,,,,1754.0,1420.0,,,,,600.0,1.0,47975.5,0.5845
Thomas Edison State University,,,,,0.2015,,,,,,683.0,290.0,,,,,1700.0,,47975.5,0.5845
Unity College,,26080.0,6166.0,0.4327,0.8993,,,,,,144.0,3.0,,,,,500.0,2.0,47975.5,0.5845
Washington County Community College,6153.0,,6247.0,0.46,0.2132,,,,,,,128.0,,,,,1400.0,,27754.0,0.5845
Allegany College of Maryland,10274.0,,5588.0,0.5593,0.3513,,,,,,,765.0,,,,,1540.0,,36066.0,0.5845
Anne Arundel Community College,14506.0,,7470.0,0.2196,0.0915,,,,,,,2379.0,,,,,1262.0,,36066.0,0.5845
Award Beauty School,,15023.0,,,0.7727,,,,,,,,23645.0,13.0,,,,,27754.0,0.5845
Baltimore Studio of Hair Design,,16661.0,,,1.0,,,,,,,,19615.0,15.0,,,,,27754.0,0.5845
Baltimore City Community College,5750.0,,6994.0,0.4093,0.0,,,,,,,418.0,,,,,2500.0,,36066.0,0.5845
University of Baltimore,21183.0,,11008.0,0.5438,0.4687,,,,,,2379.0,59.0,,,,,1600.0,1.0,47975.5,0.5845
Bowie State University,15934.0,,8653.0,0.4333,0.5965,,,,,,944.0,142.0,,,,,2500.0,5.0,47975.5,0.5845
Capitol Technology University,,23992.0,6831.0,0.1538,0.53,,,,,,340.0,9.0,,,,,1600.0,1.0,47975.5,0.5845
Cecil College,8085.0,,6761.0,0.2621,0.1631,,,,,,,528.0,,,,,2400.0,,36066.0,0.5845
College of Southern Maryland,8205.0,,8281.0,0.9449,0.0776,,,,,,,621.0,,,,,1214.0,,36066.0,0.5845
Chesapeake College,4005.0,,6286.0,0.3105,0.0,,,,,,,549.0,,,,,986.0,,36066.0,0.5845
Washington Adventist University,,18796.0,5633.0,0.2347,0.6365,,,,,,133.0,126.0,,,,,1200.0,1.0,47975.5,0.5845
Coppin State University,11686.0,,8119.0,0.5,0.6169,,,,,,341.0,39.0,,,,,800.0,1.0,47975.5,0.5845
Delmarva Beauty Academy,,22201.0,,,0.6316,,,,,,,,20725.0,13.0,,,,,27754.0,0.5845
North American Trade Schools,,15778.0,,,0.9252,,,,,,,,18664.0,10.0,,,,,27754.0,0.5845
Frederick Community College,5816.0,,7329.0,0.2629,0.0797,,,,,,,1783.0,,,,,1200.0,,36066.0,0.5845
Frostburg State University,16676.0,,7333.0,0.6801,0.5255,,,,,,749.0,337.0,,,,,1500.0,1.0,47975.5,0.5845
Garrett College,8011.0,,6378.0,0.44,0.5,,,,,,,166.0,,,,,1400.0,,36066.0,0.5845
Goucher College,,25716.0,8004.0,0.3813,0.5528,,,,,,719.0,10.0,,,,,1200.0,5.0,47975.5,0.5845
Hagerstown Community College,7908.0,,6392.0,0.3604,0.2563,,,,,,,863.0,,,,,1843.0,,36066.0,0.5845
Harford Community College,7886.0,,6396.0,0.3211,0.112,,,,,,,1223.0,,,,,1300.0,,36066.0,0.5845
Hood College,,23767.0,7820.0,0.4215,0.6767,,,,,,876.0,20.0,,,,,1248.0,2.0,47975.5,0.5845
Howard Community College,9823.0,,7756.0,0.2332,0.1131,,,,,,,779.0,,,,,2400.0,,36066.0,0.5845
Aveda Institute-Maryland,,19163.0,,,0.7917,,,,,,,,19750.0,11.0,,,,,27754.0,0.5845
Johns Hopkins University,,29342.0,14576.0,0.9689,0.2929,,,,,,20823.0,527.0,,,,,1250.0,1.0,47975.5,0.5845
Loyola University Maryland,,36594.0,8891.0,0.9439,0.5242,,,,,,1548.0,23.0,,,,,1250.0,3.0,47975.5,0.5845
University of Maryland Global Campus,14288.0,,7573.0,0.0559,0.1891,,,,,,12119.0,3274.0,,,,,0.0,,47975.5,0.5845
University of Maryland Baltimore,,,11635.0,0.4407,0.44,,,,,,5949.0,11.0,,,,,,,47975.5,0.5845
University of Maryland-Baltimore County,19082.0,,10545.0,0.643,0.3599,,,,,,2542.0,105.0,,,,,1600.0,1.0,47975.5,0.5845
University of Maryland-College Park,19045.0,,13652.0,0.7883,0.3025,,,,,,10232.0,606.0,,,,,1250.0,1.0,47975.5,0.5845
Maryland Institute College of Art,,38921.0,8886.0,1.0,0.4209,,,,,,478.0,9.0,,,,,1500.0,1.0,47975.5,0.5845
University of Maryland Eastern Shore,16980.0,,8662.0,0.7083,0.6347,,,,,,553.0,63.0,,,,,2000.0,1.0,47975.5,0.5845
Fortis Institute-Towson,,22497.0,,,0.6085,,,,,,,,16407.0,11.0,,,,,27754.0,0.5845
Montgomery Beauty School,,16360.0,,,0.9185,,,,,,,,23645.0,13.0,,,,,27754.0,0.5845
Montgomery College,9650.0,,9118.0,0.3504,0.0955,,,,,,,4320.0,,,,,1792.0,,36066.0,0.5845
Morgan State University,17619.0,,9348.0,0.6862,0.6778,,,,,,1302.0,12.0,,,,,2000.0,1.0,47975.5,0.5845
Mount St. Mary's University,,27954.0,7945.0,1.0,0.6006,,,,,,464.0,67.0,,,,,1300.0,5.0,47975.5,0.5845
Ner Israel Rabbinical College,,7106.0,7164.0,1.0,0.0,,,,,,153.0,,,,,,250.0,2.0,47975.5,0.5845
Elite Academy of Hair Design,,11119.0,,,0.5532,,,,,,,,15200.0,13.0,,,,,27754.0,0.5845
Notre Dame of Maryland University,,22930.0,7127.0,0.5672,0.6818,,,,,,1494.0,5.0,,,,,1240.0,5.0,47975.5,0.5845
Prince George's Community College,9069.0,,7911.0,0.3061,0.1623,,,,,,,1973.0,,,,,1500.0,,36066.0,0.5845
Maryland Beauty Academy of Essex,,16417.0,,,0.8641,,,,,,,,19615.0,15.0,,,,,27754.0,0.5845
Salisbury University,19617.0,,8423.0,0.673,0.5124,,,,,,931.0,227.0,,,,,1300.0,2.0,47975.5,0.5845
St. Mary's College of Maryland,19369.0,,7851.0,0.7407,0.4942,,,,,,22.0,25.0,,,,,800.0,1.0,47975.5,0.5845
Saint Johns River State College,5035.0,,5008.0,0.3512,0.0856,,,,,,,2714.0,,,,,1354.0,,36066.0,0.5845
Towson University,18233.0,,7710.0,0.5304,0.4833,,,,,,3090.0,161.0,,,,,1080.0,1.0,47975.5,0.5845
Maryland University of Integrative Health,,,5440.0,0.5,,,,,,,891.0,,,,,,,,,0.5845
United States Naval Academy,,,12293.0,0.9944,,,,,,,,,,,,,,1.0,47975.5,0.5845
Washington State Community College,7688.0,,5865.0,0.2567,0.2293,,,,,,,961.0,,,,,1900.0,,36066.0,0.5845
McDaniel College,,18182.0,7308.0,0.2125,0.6338,,,,,,1172.0,11.0,,,,,1200.0,3.0,47975.5,0.5845
Wor-Wic Community College,8515.0,,6253.0,0.4702,0.1164,,,,,,,572.0,,,,,1800.0,,36066.0,0.5845
Hult International Business School,,43234.0,10142.0,0.2581,0.0679,,,,,,1588.0,,,,,,1000.0,3.0,47975.5,0.5845
American International College,,25044.0,7249.0,0.1612,0.8093,,,,,,1550.0,5.0,,,,,1200.0,5.0,47975.5,0.5845
Amherst College,,18524.0,12949.0,0.922,0.1569,,,,,,,,,,,,1000.0,1.0,47975.5,0.5845
Anna Maria College,,24626.0,6559.0,0.1803,0.7566,,,,,,332.0,2.0,,,,,1000.0,3.0,47975.5,0.5845
Assabet Valley Regional Technical School,17907.0,,,,0.549,,,,,,,,12370.0,10.0,,,,3.0,27754.0,0.5845
Assumption University,,28466.0,8474.0,0.5135,0.6812,,,,,,395.0,31.0,,,,,1000.0,3.0,47975.5,0.5845
Babson College,,34606.0,16581.0,1.0,0.3105,,,,,,939.0,62.0,,,,,1144.0,1.0,47975.5,0.5845
Bancroft School of Massage Therapy,,,,,0.4444,,,,,,,,14960.0,9.0,,,,,27754.0,0.5845
Boston Baptist College,,18263.0,4494.0,,0.4444,,,,,,,19.0,,,,,800.0,1.0,47975.5,0.5845
Bay Path University,,22211.0,7752.0,0.2334,0.8653,,,,,,1507.0,17.0,,,,,1600.0,5.0,47975.5,0.5845
Bay State College,,31777.0,9050.0,0.1379,0.7529,,,,,,,21.0,,,,,1500.0,3.0,47975.5,0.5845
Bentley University,,38986.0,14592.0,0.6696,0.4874,,,,,,1086.0,71.0,,,,,1300.0,1.0,47975.5,0.5845
Berklee College of Music,,49514.0,10430.0,0.393,0.3711,,,,,,560.0,101.0,,,,,474.0,3.0,47975.5,0.5845
Berkshire Community College,9116.0,,7015.0,0.425,0.2293,,,,,,,261.0,,,,,1200.0,,36066.0,0.5845
Empire Beauty School-Boston,,17389.0,,,0.6537,,,,,,,,16350.0,7.0,,,,,27754.0,0.5845
Boston Architectural College,,28865.0,5868.0,0.1182,0.3798,,,,,,373.0,58.0,,,,,1200.0,,47975.5,0.5845
Boston Graduate School of Psychoanalysis Inc,,,5419.0,,,,,,,,130.0,,,,,,,,,0.5845
Boston Architectural College,,28865.0,5868.0,0.1182,0.3798,,,,,,373.0,58.0,,,,,1200.0,,47975.5,0.5845
Boston University,,30259.0,14563.0,0.7052,0.3112,,,,,,15737.0,1092.0,,,,,1000.0,1.0,47975.5,0.5845
Brandeis University,,31165.0,13423.0,0.6915,0.3894,,,,,,2137.0,10.0,,,,,1000.0,1.0,47975.5,0.5845
Bridgewater State University,18457.0,,9619.0,1.0,0.7613,,,,,,1418.0,268.0,,,,,800.0,5.0,47975.5,0.5845
Bristol Community College,7194.0,,6457.0,1.0,0.2318,,,,,,,634.0,,,,,2000.0,,36066.0,0.5845
Signature Healthcare Brockton Hospital School of Nursing,,26786.0,,,0.8105,,,,,,,,57175.0,17.0,,,,3.0,27754.0,0.5845
Bunker Hill Community College,7867.0,,7725.0,0.2165,0.0423,,,,,,,783.0,,,,,2016.0,,36066.0,0.5845
Cambridge Junior College-Yuba City,,21060.0,,,0.5,,,,,,,,16400.0,9.0,,,,,27754.0,0.5845
Cape Cod Community College,8266.0,,6701.0,0.2457,0.0988,,,,,,,467.0,,,,,1200.0,,36066.0,0.5845
Catherine Hinds Institute of Esthetics,,13773.0,,,0.864,,,,,,,,17350.0,10.0,,,,,27754.0,0.5845
Laboure College,,27743.0,5194.0,0.3597,0.7444,,,,,,,,,,,,1200.0,5.0,36066.0,0.5845
Clarks Summit University,,16313.0,4293.0,1.0,0.4906,,,,,,235.0,,,,,,1000.0,2.0,47975.5,0.5845
Conway School of Landscape Design,,,5551.0,,,,,,,,17.0,,,,,,,,,0.5845
Curry College,,27739.0,10086.0,0.3618,0.6541,,,,,,207.0,27.0,,,,,1100.0,1.0,47975.5,0.5845
Lincoln Technical Institute-Somerville,,19150.0,,,0.8482,,,,,,,,18694.0,10.0,,,,,27754.0,0.5845
Dean College,,31337.0,6430.0,0.2095,0.6939,,,,,,,10.0,,,,,1000.0,5.0,47975.5,0.5845
Diman Regional Technical Institute,23256.0,,,,0.7143,,,,,,,,19977.0,10.0,,,,3.0,27754.0,0.5845
National Aviation Academy of New England,,33933.0,,,0.7726,,,,,,,,38500.0,14.0,,,,,27754.0,0.5845
Eastern Nazarene College,,20751.0,5781.0,0.3233,0.7112,,,,,,164.0,1.0,,,,,0.0,1.0,47975.5,0.5845
Emerson College,,45365.0,10083.0,0.4117,0.5058,,,,,,1052.0,7.0,,,,,1150.0,5.0,47975.5,0.5845
Emmanuel College,,18351.0,5045.0,0.6375,0.5696,,,,,,,132.0,,,,,1200.0,1.0,47975.5,0.5845
Endicott College,,35642.0,9502.0,0.276,0.6157,,,,,,1691.0,54.0,,,,,1238.0,2.0,47975.5,0.5845
Rob Roy Academy-Fall River,,17322.0,,,0.4625,,,,,,,,16217.0,9.0,,,,,27754.0,0.5845
Saint John Fisher College,,27767.0,9415.0,1.0,0.7204,,,,,,962.0,17.0,,,,,1100.0,1.0,47975.5,0.5845
Fitchburg State University,16001.0,,9513.0,0.5476,0.6462,,,,,,3208.0,225.0,,,,,1200.0,5.0,47975.5,0.5845
Framingham State University,20001.0,,9434.0,0.6198,0.619,,,,,,1599.0,112.0,,,,,1200.0,5.0,47975.5,0.5845
Benjamin Franklin Institute of Technology,,13829.0,5911.0,0.4455,0.6095,,,,,,,87.0,,,,,1000.0,,36066.0,0.5845
Gordon State College,9935.0,,5565.0,0.6313,0.4696,,,,,,,525.0,,,,,1340.0,1.0,36066.0,0.5845
Gordon-Conwell Theological Seminary,,,6270.0,0.973,,,,,,,1660.0,,,,,,,,,0.5845
Greenfield Community College,9578.0,,6487.0,0.3586,0.2036,,,,,,,289.0,,,,,1475.0,,36066.0,0.5845
Manchester Community College,14731.0,,6807.0,0.2094,0.4358,,,,,,,496.0,,,,,1750.0,,36066.0,0.5845
Harvard University,,15386.0,20988.0,0.862,0.0157,,,,,,21592.0,2516.0,,,,,1000.0,1.0,47975.5,0.5845
Hebrew Theological College,,15281.0,3175.0,0.3902,0.1856,,,,,,,86.0,,,,,1776.0,5.0,47975.5,0.5845
Hellenic College-Holy Cross Greek Orthodox School of Theology,,22019.0,5304.0,0.5946,0.5294,,,,,,78.0,3.0,,,,,600.0,2.0,47975.5,0.5845
Hellenic College-Holy Cross Greek Orthodox School of Theology,,22019.0,5304.0,0.5946,0.5294,,,,,,78.0,3.0,,,,,600.0,2.0,47975.5,0.5845
Holyoke Community College,7718.0,,7180.0,0.3333,0.309,,,,,,,514.0,,,,,1600.0,,36066.0,0.5845
Lasell University,,27428.0,8355.0,0.3519,0.7569,,,,,,402.0,10.0,,,,,1000.0,5.0,47975.5,0.5845
Lawrence Memorial Hospital School of Nursing,,,8009.0,0.619,0.9094,,,,,,,,,,,,1150.0,,36066.0,0.5845
Lesley University,,33644.0,8598.0,0.2609,0.6621,,,,,,2382.0,97.0,,,,,1500.0,1.0,47975.5,0.5845
Longy School of Music of Bard College,,,5003.0,0.1523,0.2222,,,,,,218.0,,,,,,500.0,3.0,27754.0,0.5845
Lowell Academy Hairstyling Institute,,21587.0,,,0.5968,,,,,,,,14488.0,8.0,,,,,27754.0,0.5845
University of Massachusetts-Lowell,19119.0,,12166.0,0.5814,0.5476,,,,,,4182.0,569.0,,,,,1200.0,1.0,47975.5,0.5845
University of Massachusetts-Amherst,22501.0,,12780.0,0.7987,0.5406,,,,,,7141.0,302.0,,,,,1000.0,1.0,47975.5,0.5845
University of Massachusetts-Boston,18340.0,,11334.0,0.6112,0.506,,,,,,3394.0,403.0,,,,,800.0,5.0,47975.5,0.5845
Massachusetts Bay Community College,9376.0,,7403.0,0.1877,0.133,,,,,,,824.0,,,,,1600.0,,36066.0,0.5845
MCPHS University,,37712.0,10046.0,0.4135,0.6631,,,,,,3332.0,30.0,,,,,1256.0,1.0,47975.5,0.5845
Massachusetts College of Art and Design,24043.0,,10180.0,0.9922,0.5496,,,,,,140.0,109.0,,,,,2000.0,3.0,47975.5,0.5845
Massachusetts Institute of Technology,,16636.0,19624.0,0.9885,0.0939,,,,,,6990.0,14.0,,,,,820.0,1.0,47975.5,0.5845
Massachusetts Maritime Academy,20485.0,,8928.0,0.5867,0.7607,,,,,,97.0,41.0,,,,,1500.0,1.0,47975.5,0.5845
University of Massachusetts Medical School Worcester,,,10307.0,0.9032,,,,,,,1234.0,,,,,,,,,0.5845
William James College,,,8644.0,0.6074,,,,,,,767.0,,,,,,,,,0.5845
Massachusetts School of Barbering,,13780.0,,,0.5161,,,,,,,,14950.0,7.0,,,,,27754.0,0.5845
Massasoit Community College,8430.0,,6668.0,0.21,0.1207,,,,,,,1245.0,,,,,1440.0,,36066.0,0.5845
Merrimack College,,33650.0,9093.0,0.4664,0.6678,,,,,,956.0,274.0,,,,,1000.0,3.0,47975.5,0.5845
MGH Institute of Health Professions,,,8950.0,0.8235,0.7349,,,,,,1020.0,2.0,,,,,,,47975.5,0.5845
Middlesex Community College,4846.0,,8268.0,0.2599,0.0326,,,,,,,306.0,,,,,1200.0,,36066.0,0.5845
Montserrat College of Art,,31313.0,7144.0,0.25,0.7711,,,,,,,8.0,,,,,1700.0,,47975.5,0.5845
Mount Holyoke College,,27149.0,10707.0,0.8798,0.4235,,,,,,110.0,15.0,,,,,1000.0,5.0,47975.5,0.5845
Mount Wachusett Community College,8688.0,,7693.0,1.0,0.2873,,,,,,,478.0,,,,,1400.0,,36066.0,0.5845
Rob Roy Academy-New Bedford,,16316.0,,,0.5926,,,,,,,,16217.0,9.0,,,,,27754.0,0.5845
The New England Conservatory of Music,,43830.0,6050.0,0.2917,0.3162,,,,,,346.0,22.0,,,,,500.0,3.0,47975.5,0.5845
New England College of Optometry,,,9857.0,0.746,,,,,,,538.0,,,,,,,,,0.5845
New England Law-Boston,,,13775.0,0.2321,,,,,,,709.0,,,,,,,,,0.5845
Nichols College,,27721.0,8633.0,0.2987,0.7587,,,,,,235.0,17.0,,,,,1400.0,2.0,47975.5,0.5845
Massachusetts College of Liberal Arts,16861.0,,9151.0,0.5196,0.7251,,,,,,162.0,67.0,,,,,1200.0,1.0,47975.5,0.5845
North Bennet Street School,,35455.0,,,0.4405,,,,,,,,57650.0,18.0,,,,,27754.0,0.5845
North Shore Community College,9129.0,,7020.0,1.0,0.2098,,,,,,,553.0,,,,,1200.0,,36066.0,0.5845
Northeastern Illinois University,15843.0,,8265.0,0.5651,0.3083,,,,,,1723.0,74.0,,,,,2400.0,1.0,47975.5,0.5845
Northern Vermont University - Northern Essex Community College,,,,,,,,,,,,,,,,,,,,0.5845
College of Our Lady of the Elms,,23855.0,6912.0,0.3365,0.8063,,,,,,372.0,17.0,,,,,1150.0,1.0,47975.5,0.5845
Pine Manor College,,13103.0,5398.0,0.3387,0.5791,,,,,,27.0,87.0,,,,,800.0,3.0,47975.5,0.5845
Pope St John XXIII National Seminary,,,5204.0,1.0,,,,,,,53.0,,,,,,,,,0.5845
Quincy College,15758.0,,8134.0,0.9677,0.3753,,,,,,,494.0,,,,,2000.0,,36066.0,0.5845
Quinsigamond Community College,7528.0,,7467.0,0.2542,0.4538,,,,,,,1002.0,,,,,960.0,,36066.0,0.5845
Regis University,,25483.0,7261.0,0.443,0.4201,,,,,,3408.0,108.0,,,,,1800.0,1.0,47975.5,0.5845
Roxbury Community College,11489.0,,5197.0,0.17,0.0,,,,,,,6.0,,,,,2000.0,,36066.0,0.5845
St John's Seminary,,,4850.0,0.7333,,,,,,,104.0,,,,,,,,,0.5845
Salem State University,18399.0,,9405.0,0.9909,0.6316,,,,,,1433.0,429.0,,,,,1200.0,5.0,47975.5,0.5845
Hardin-Simmons University,,19509.0,7227.0,0.5263,0.5846,,,,,,582.0,55.0,,,,,800.0,1.0,47975.5,0.5845
Bard College at Simon's Rock,,32232.0,7202.0,0.6829,0.4747,,,,,,,6.0,,,,,1000.0,3.0,36066.0,0.5845
Paul Smiths College of Arts and Science,,23784.0,5815.0,0.7286,0.8161,,,,,,,4.0,,,,,1000.0,2.0,47975.5,0.5845
Southeastern Technical Institute,11256.0,,,,0.4826,,,,,,,,12167.0,10.0,,,,,27754.0,0.5845
Springfield College,,30134.0,8081.0,1.0,0.7729,,,,,,935.0,23.0,,,,,1100.0,1.0,47975.5,0.5845
Springfield Technical Community College,8943.0,,7703.0,0.3787,0.1603,,,,,,,511.0,,,,,1200.0,,36066.0,0.5845
University of Massachusetts-Dartmouth,18503.0,,11415.0,0.6699,0.6986,,,,,,1749.0,179.0,,,,,1200.0,1.0,47975.5,0.5845
Stonehill College,,34658.0,9242.0,0.6309,0.6391,,,,,,33.0,23.0,,,,,893.0,3.0,47975.5,0.5845
Suffolk University,,30701.0,11635.0,0.559,0.5381,,,,,,2307.0,42.0,,,,,1200.0,1.0,47975.5,0.5845
Rob Roy Academy-Taunton,,22679.0,,,0.5,,,,,,,,16217.0,9.0,,,,,27754.0,0.5845
Tufts University,,30744.0,12693.0,0.6368,0.2146,,,,,,5971.0,79.0,,,,,1000.0,1.0,47975.5,0.5845
Wellesley College,,22087.0,12410.0,0.7628,0.2403,,,,,,,128.0,,,,,800.0,1.0,47975.5,0.5845
Wentworth Institute of Technology,,36113.0,8974.0,1.0,0.5981,,,,,,146.0,77.0,,,,,1500.0,5.0,47975.5,0.5845
Western New England University,,30079.0,9503.0,0.6799,0.7794,,,,,,1103.0,23.0,,,,,1305.0,5.0,47975.5,0.5845
Westfield State University,19167.0,,9765.0,0.444,0.6308,,,,,,726.0,278.0,,,,,1070.0,1.0,47975.5,0.5845
Wheaton College,,25358.0,9366.0,0.6754,0.4902,,,,,,609.0,37.0,,,,,800.0,1.0,47975.5,0.5845
Williams College,,19480.0,13343.0,0.8495,0.219,,,,,,56.0,66.0,,,,,800.0,1.0,47975.5,0.5845
Worcester Polytechnic Institute,,39756.0,12605.0,0.7966,0.5281,,,,,,2133.0,106.0,,,,,1000.0,3.0,47975.5,0.5845
Worcester State University,19492.0,,9206.0,0.4622,0.5366,,,,,,872.0,413.0,,,,,1368.0,2.0,47975.5,0.5845
North Adrian's College of Beauty Inc,,17531.0,,,0.5172,,,,,,,,19386.0,14.0,,,,,27754.0,0.5845
Albion College,,16653.0,7545.0,0.7419,0.668,,,,,,,24.0,,,,,700.0,1.0,47975.5,0.5845
Hillsdale Beauty College,,8845.0,,,0.8,,,,,,,,19400.0,14.0,,,,,27754.0,0.5845
Northwestern Technological Institute,,28457.0,,,0.5908,,,,,,,,16797.0,11.0,,,,,27754.0,0.5845
Alma College,,22449.0,7401.0,0.6733,0.7348,,,,,,,30.0,,,,,800.0,1.0,47975.5,0.5845
Alpena Community College,3334.0,,9126.0,0.422,0.198,,,,,,,531.0,,,,,1000.0,,36066.0,0.5845
Andrews University,,21934.0,5155.0,0.9915,0.4101,,,,,,1697.0,257.0,,,,,1100.0,1.0,47975.5,0.5845
Thomas Aquinas College,,25526.0,9461.0,0.9825,0.7076,,,,,,,,,,,,0.0,1.0,47975.5,0.5845
Baker College of Auburn Hills,,,,,,,,,,,,,,,,,,,,0.5845
Bay de Noc Community College,8506.0,,7833.0,1.0,0.2318,,,,,,,657.0,,,,,1500.0,,36066.0,0.5845
Bayshire Academy of Beauty Craft Inc,,2616.0,,,0.0,,,,,,,,9800.0,14.0,,,,,27754.0,0.5845
Calvin University,,26647.0,8826.0,1.0,0.4323,,,,,,103.0,85.0,,,,,1300.0,1.0,47975.5,0.5845
Calvin Theological Seminary,,,8263.0,0.7917,,,,,,,295.0,,,,,,,,,0.5845
Carnegie Institute,,15364.0,,,0.7836,,,,,,,,,,,,185.0,,27754.0,0.5845
Michigan School of Psychology,,,7957.0,0.4516,,,,,,,185.0,,,,,,,,,0.5845
Central Michigan University,15981.0,,9593.0,0.7253,0.6955,,,,,,4735.0,218.0,,,,,1000.0,1.0,47975.5,0.5845
Mott Community College,7481.0,,8636.0,1.0,0.3063,,,,,,,1545.0,,,,,1028.0,,36066.0,0.5845
Empire Beauty School-Michigan,,15457.0,,,0.4896,,,,,,,,22010.0,11.0,,,,,27754.0,0.5845
Cleary University,,16029.0,4703.0,0.0882,0.7691,,,,,,148.0,,,,,,1404.0,5.0,47975.5,0.5845
Concordia University-Ann Arbor,,24557.0,5244.0,1.0,0.4114,,,,,,211.0,66.0,,,,,1800.0,1.0,47975.5,0.5845
Cranbrook Academy of Art,,,9204.0,0.7692,,,,,,,136.0,,,,,,,,,0.5845
College for Creative Studies,,37745.0,9986.0,1.0,0.6001,,,,,,53.0,66.0,,,,,1900.0,3.0,47975.5,0.5845
Davenport University,,16098.0,6859.0,0.204,0.5554,,,,,,1351.0,462.0,,,,,904.0,2.0,47975.5,0.5845
David Pressley School of Cosmetology,,14273.0,,,0.6221,,,,,,,,16000.0,13.0,,,,,27754.0,0.5845
San Joaquin Delta College,10599.0,,9979.0,0.5262,0.0241,,,,,,,2175.0,,,,,1971.0,,36066.0,0.5845
Detroit Business Institute-Downriver,,,,,0.8588,,,,,,,,29400.0,12.0,,,,,27754.0,0.5845
MIAT College of Technology,,16946.0,3779.0,0.6957,0.2769,,,,,,,,,,,,986.0,2.0,27754.0,0.5845
University of Detroit Mercy,,18356.0,9468.0,1.0,0.4851,,,,,,2335.0,186.0,,,,,1240.0,1.0,47975.5,0.5845
Dorsey School of Business-Madison Heights,,35362.0,,,0.8987,,,,,,,,,,,,,,27754.0,0.5845
Eastern Michigan University,15924.0,,9525.0,0.9816,0.5344,,,,,,2912.0,491.0,,,,,1000.0,1.0,47975.5,0.5845
Creative Hair School of Cosmetology,,9131.0,,,0.4211,,,,,,,,15900.0,13.0,,,,,27754.0,0.5845
Ferris State University,12889.0,,9557.0,0.7019,0.5324,,,,,,1288.0,786.0,,,,,859.0,1.0,47975.5,0.5845
Glen Oaks Community College,6053.0,,7702.0,0.7813,0.1057,,,,,,,577.0,,,,,1924.0,,36066.0,0.5845
Kettering University,,37518.0,8658.0,1.0,0.5676,,,,,,422.0,36.0,,,,,1100.0,1.0,47975.5,0.5845
Gogebic Community College,7942.0,,7128.0,0.9706,0.252,,,,,,,275.0,,,,,1000.0,,36066.0,0.5845
Grace Christian University,,12679.0,4473.0,1.0,0.7568,,,,,,37.0,145.0,,,,,600.0,2.0,47975.5,0.5845
Cornerstone University,,20740.0,6154.0,1.0,0.7247,,,,,,494.0,64.0,,,,,800.0,1.0,47975.5,0.5845
Grand Rapids Community College,8684.0,,8796.0,0.3227,0.2034,,,,,,,1741.0,,,,,873.0,,36066.0,0.5845
Grand Valley State University,17646.0,,9206.0,0.6622,0.579,,,,,,2921.0,93.0,,,,,740.0,1.0,47975.5,0.5845
Great Lakes Christian College,,14571.0,3535.0,1.0,0.6093,,,,,,,,,,,,1000.0,,47975.5,0.5845
Henry Ford College,3182.0,,10451.0,1.0,0.2183,,,,,,,2102.0,,,,,1560.0,,36066.0,0.5845
Hillsdale Beauty College,,8845.0,,,0.8,,,,,,,,19400.0,14.0,,,,,27754.0,0.5845
Hope International University,,20318.0,5466.0,0.2093,0.6635,,,,,,497.0,,,,,,1917.0,1.0,47975.5,0.5845
Jacksonville College-Main Campus,,10546.0,3642.0,0.3556,0.0489,,,,,,,218.0,,,,,1000.0,,36066.0,0.5845
Kalamazoo College,,22808.0,8120.0,0.817,0.5085,,,,,,,21.0,,,,,825.0,5.0,47975.5,0.5845
Kalamazoo Valley Community College,4802.0,,9889.0,0.2039,0.2125,,,,,,,1422.0,,,,,1800.0,,36066.0,0.5845
Kellogg Community College,8020.0,,9398.0,0.9889,0.314,,,,,,,1053.0,,,,,2070.0,,36066.0,0.5845
Kirtland Community College,4947.0,,5396.0,0.5098,0.2438,,,,,,,464.0,,,,,1500.0,,36066.0,0.5845
Michigan College of Beauty-Monroe,,10526.0,,,0.5833,,,,,,,,18000.0,15.0,,,,,27754.0,0.5845
Lake Michigan College,9447.0,,7720.0,1.0,0.2591,,,,,,,612.0,,,,,1800.0,,36066.0,0.5845
Lake Superior State University,12398.0,,6428.0,0.9279,0.548,,,,,,,246.0,,,,,1200.0,1.0,47975.5,0.5845
Lansing Community College,4828.0,,8346.0,0.1486,0.208,,,,,,,1394.0,,,,,600.0,,36066.0,0.5845
Lawrence Technological University,,32721.0,7942.0,0.3706,0.4724,,,,,,712.0,195.0,,,,,1536.0,1.0,47975.5,0.5845
M J Murphy Beauty College of Mount Pleasant,,10309.0,,,0.875,,,,,,,,15500.0,13.0,,,,,27754.0,0.5845
Macomb Community College,8724.0,,9243.0,0.2552,0.0908,,,,,,,1715.0,,,,,1722.0,,36066.0,0.5845
Madonna University,,17574.0,7278.0,0.2813,0.5025,,,,,,551.0,98.0,,,,,1360.0,1.0,47975.5,0.5845
Rochester University,,17029.0,6043.0,0.5738,0.6143,,,,,,43.0,199.0,,,,,1776.0,1.0,47975.5,0.5845
University of Michigan-Ann Arbor,15336.0,,11801.0,0.8276,0.2866,,,,,,16824.0,220.0,,,,,1048.0,1.0,47975.5,0.5845
The Michigan Barber School,,7888.0,,,0.0,,,,,,,,12325.0,15.0,,,,,27754.0,0.5845
Michigan State University,19173.0,,11932.0,0.8893,0.4203,,,,,,10633.0,226.0,,,,,1108.0,1.0,47975.5,0.5845
Michigan Technological University,16463.0,,10541.0,0.9132,0.5373,,,,,,1277.0,72.0,,,,,1200.0,1.0,47975.5,0.5845
University of Michigan-Dearborn,11473.0,,10485.0,0.6758,0.6441,,,,,,2281.0,182.0,,,,,1300.0,1.0,47975.5,0.5845
University of Michigan-Flint,12734.0,,9114.0,0.5611,0.4947,,,,,,1435.0,735.0,,,,,1000.0,1.0,47975.5,0.5845
Mid Michigan College,8199.0,,7931.0,1.0,0.2816,,,,,,,1168.0,,,,,1170.0,,36066.0,0.5845
Monroe County Community College,4006.0,,9499.0,0.271,0.1832,,,,,,,735.0,,,,,936.0,,36066.0,0.5845
Montcalm Community College,6264.0,,8294.0,0.2818,0.2058,,,,,,,374.0,,,,,1200.0,,36066.0,0.5845
Muskegon Community College,5811.0,,10412.0,1.0,0.0964,,,,,,,743.0,,,,,1100.0,,36066.0,0.5845
North Central Michigan College,3180.0,,9372.0,1.0,0.1146,,,,,,,1054.0,,,,,1390.0,,36066.0,0.5845
Northern Michigan University,15453.0,,8491.0,0.7115,0.5825,,,,,,596.0,380.0,,,,,760.0,1.0,47975.5,0.5845
Northwestern Michigan College,9563.0,,7230.0,0.3166,0.2597,,,,,,,466.0,,,,,540.0,,36066.0,0.5845
Northwood University,,21618.0,6482.0,1.0,0.6282,,,,,,311.0,69.0,,,,,1240.0,1.0,47975.5,0.5845
Oakland Community College,2825.0,,9987.0,1.0,0.1198,,,,,,,2724.0,,,,,1450.0,,36066.0,0.5845
Oakland University,11802.0,,9641.0,0.5058,0.4828,,,,,,3470.0,307.0,,,,,784.0,1.0,47975.5,0.5845
Olivet College,,21464.0,6121.0,1.0,0.8057,,,,,,49.0,70.0,,,,,1200.0,,47975.5,0.5845
Port Huron Cosmetology College,,9380.0,,,0.3056,,,,,,,,17325.0,13.0,,,,,27754.0,0.5845
Kuyper College,,20716.0,5724.0,0.5,0.5155,,,,,,6.0,,,,,,800.0,1.0,47975.5,0.5845
Ross Medical Education Center-Lansing,,18479.0,,,0.6889,,,,,,,,15990.0,8.0,,,,,27754.0,0.5845
Ross Medical Education Center-Madison Heights,,17443.0,,,0.691,,,,,,,,15990.0,8.0,,,,,27754.0,0.5845
Ross Medical Education Center-Flint,,18758.0,,,0.7044,,,,,,,,15990.0,8.0,,,,,27754.0,0.5845
Sacred Heart Major Seminary,,,5759.0,0.4333,0.0375,,,,,,171.0,27.0,,,,,1638.0,2.0,27754.0,0.5845
Saginaw Valley State University,14248.0,,8536.0,0.5154,0.5985,,,,,,775.0,267.0,,,,,1059.0,1.0,47975.5,0.5845
Schoolcraft College,7578.0,,10546.0,0.1861,0.1214,,,,,,,1221.0,,,,,1510.0,,36066.0,0.5845
Siena Heights University,,21249.0,6271.0,0.9891,0.6051,,,,,,234.0,129.0,,,,,1000.0,2.0,47975.5,0.5845
St Clair County Community College,4892.0,,9062.0,0.3,0.1683,,,,,,,1125.0,,,,,1203.0,,36066.0,0.5845
Southwestern Michigan College,8468.0,,6371.0,0.4328,0.2103,,,,,,,625.0,,,,,1722.0,,36066.0,0.5845
Spring Arbor University,,19183.0,5787.0,0.2697,0.6541,,,,,,1719.0,145.0,,,,,800.0,1.0,47975.5,0.5845
Michigan Career and Technical Institute,8042.0,,,,0.0,,,,,,,,,,,,0.0,,27754.0,0.5845
Finlandia University,,17016.0,5135.0,1.0,0.8421,,,,,,,25.0,,,,,1500.0,1.0,47975.5,0.5845
Western Michigan University-Thomas M. Cooley Law School,,,11557.0,0.4519,,,,,,,1208.0,,,,,,,,,0.5845
Twin City Beauty College,,14770.0,,,0.4687,,,,,,,,18950.0,13.0,,,,,27754.0,0.5845
Walsh College,,,8602.0,0.1538,0.3404,,,,,,1058.0,27.0,,,,,,,47975.5,0.5845
Washtenaw Community College,2441.0,,7922.0,0.2767,0.1906,,,,,,,2188.0,,,,,1012.0,,27754.0,0.5845
Wayne County Community College District,5060.0,,7747.0,0.1144,0.1445,,,,,,,4927.0,,,,,1460.0,,36066.0,0.5845
Wayne State University,13965.0,,10822.0,0.5635,0.5012,,,,,,9181.0,424.0,,,,,1246.0,1.0,47975.5,0.5845
West Shore Community College,3460.0,,8018.0,0.2941,0.119,,,,,,,304.0,,,,,1000.0,,36066.0,0.5845
Paul Mitchell the School-Grand Rapids,,12784.0,,,0.5635,,,,,,,,18875.0,12.0,,,,,27754.0,0.5845
Western Michigan University-Thomas M. Cooley Law School,,,11557.0,0.4519,,,,,,,1208.0,,,,,,,,,0.5845
Bexley Hall Seabury Western Theological Seminary Federation Inc.,,,7002.0,,,,,,,,80.0,,,,,,,,,0.5845
Rogers State University,16087.0,,5731.0,0.4732,0.4472,,,,,,36.0,464.0,,,,,2400.0,,47975.5,0.5845
Anoka Technical College,11940.0,,8024.0,0.6022,0.3932,,,,,,,264.0,,,,,1200.0,,27754.0,0.5845
Anoka-Ramsey Community College,11890.0,,8080.0,0.4679,0.219,,,,,,,3716.0,,,,,1200.0,,36066.0,0.5845
Augsburg University,,24653.0,8394.0,0.4453,0.7845,,,,,,913.0,37.0,,,,,1200.0,5.0,47975.5,0.5845
Riverland Community College,8893.0,,7915.0,0.5145,0.2112,,,,,,,1457.0,,,,,1600.0,,36066.0,0.5845
Northwestern Connecticut Community College,6420.0,,9154.0,0.2828,0.0724,,,,,,,256.0,,,,,1200.0,,36066.0,0.5845
Bemidji State University,15868.0,,8780.0,0.6066,0.5288,,,,,,407.0,474.0,,,,,890.0,1.0,47975.5,0.5845
Bethany Lutheran College,,16368.0,6609.0,0.6118,0.5602,,,,,,,149.0,,,,,800.0,1.0,47975.5,0.5845
Bethel Seminary-San Diego,,,7213.0,,,,,,,,47.0,,,,,,,,,0.5845
Central Lakes College-Brainerd,12514.0,,8079.0,0.6148,0.2177,,,,,,,2626.0,,,,,1000.0,,36066.0,0.5845
Carleton College,,31133.0,12514.0,0.8587,0.433,,,,,,,50.0,,,,,866.0,1.0,47975.5,0.5845
Concordia College at Moorhead,,23029.0,7634.0,0.6935,0.6705,,,,,,32.0,77.0,,,,,800.0,1.0,47975.5,0.5845
Concordia University-Saint Paul,,16245.0,6203.0,0.272,0.5805,,,,,,2012.0,380.0,,,,,2000.0,3.0,47975.5,0.5845
Dakota County Technical College,11063.0,,7966.0,0.4627,0.3151,,,,,,,326.0,,,,,1200.0,,27754.0,0.5845
Martin Luther College,,19703.0,4626.0,0.8478,0.4791,,,,,,137.0,80.0,,,,,800.0,1.0,47975.5,0.5845
Lake Superior College,13503.0,,7775.0,0.3983,0.2689,,,,,,,2084.0,,,,,1500.0,,36066.0,0.5845
Cosmetology Careers Unlimited College of Hair Skin and Nails,,10704.0,,,0.65,,,,,,,,17000.0,12.0,,,,,27754.0,0.5845
Minnesota State Community and Technical College,10818.0,,8010.0,0.5658,0.333,,,,,,,2434.0,,,,,1960.0,,36066.0,0.5845
Minnesota West Community and Technical College,11952.0,,7797.0,0.4934,0.2365,,,,,,,1655.0,,,,,1200.0,,27754.0,0.5845
Gustavus Adolphus College,,19093.0,7182.0,0.8097,0.6037,,,,,,,17.0,,,,,900.0,2.0,47975.5,0.5845
Hamline University,,20866.0,7599.0,0.5514,0.6629,,,,,,1316.0,40.0,,,,,690.0,1.0,47975.5,0.5845
Hazelden Betty Ford Graduate School of Addiction Studies,,,7415.0,,,,,,,,142.0,,,,,,,,,0.5845
Hennepin Technical College,11796.0,,8039.0,0.5381,0.2894,,,,,,,1035.0,,,,,2000.0,,27754.0,0.5845
Hibbing Community College,10207.0,,7879.0,0.5068,0.407,,,,,,,244.0,,,,,1050.0,,36066.0,0.5845
Aveda Institute-Minneapolis,,16580.0,,,0.4977,,,,,,,,21900.0,12.0,,,,,27754.0,0.5845
Inver Hills Community College,11486.0,,8102.0,0.4545,0.2378,,,,,,,1462.0,,,,,1200.0,,36066.0,0.5845
Itasca Community College,11449.0,,8019.0,0.3784,0.3297,,,,,,,381.0,,,,,840.0,,36066.0,0.5845
Luther Seminary,,,6521.0,1.0,,,,,,,459.0,,,,,,,,,0.5845
Macalester College,,28426.0,10885.0,0.8346,0.4609,,,,,,,19.0,,,,,1191.0,1.0,47975.5,0.5845
South Central College,10175.0,,7987.0,0.5269,0.3307,,,,,,,410.0,,,,,1251.0,,36066.0,0.5845
Minnesota State University-Mankato,16221.0,,9612.0,0.6948,0.509,,,,,,1835.0,949.0,,,,,1042.0,1.0,47975.5,0.5845
Mayo Clinic College of Medicine and Science,,,,,0.3318,,,,,,885.0,,,,,,200.0,3.0,27754.0,0.5845
Mesabi Range College,10166.0,,8007.0,0.4915,0.2955,,,,,,,313.0,,,,,1000.0,,27754.0,0.5845
Metropolitan State University of Denver,14257.0,,6887.0,1.0,0.3919,,,,,,886.0,816.0,,,,,1400.0,1.0,47975.5,0.5845
University of Minnesota-Twin Cities,17740.0,,12186.0,0.8196,0.3851,,,,,,16162.0,3798.0,,,,,1000.0,1.0,47975.5,0.5845
University of Minnesota-Crookston,10952.0,,7992.0,0.913,0.352,,,,,,,929.0,,,,,1000.0,2.0,47975.5,0.5845
Minneapolis College of Art and Design,,28717.0,7802.0,0.2516,0.8543,,,,,,87.0,11.0,,,,,3060.0,1.0,47975.5,0.5845
Minneapolis Community and Technical College,12376.0,,8168.0,0.4338,0.2893,,,,,,,1259.0,,,,,1400.0,,36066.0,0.5845
Herzing University-Minneapolis,,19396.0,6737.0,0.2235,0.846,,,,,,1.0,,,,,,,2.0,47975.5,0.5845
Minnesota School of Cosmetology-Woodbury Campus,,15894.0,,,0.6654,,,,,,,,23050.0,12.0,,,,,27754.0,0.5845
University of Minnesota-Duluth,17067.0,,8611.0,0.8238,0.5376,,,,,,1011.0,1006.0,,,,,1200.0,1.0,47975.5,0.5845
University of Minnesota-Morris,11412.0,,7445.0,0.9231,0.4685,,,,,,,99.0,,,,,800.0,1.0,47975.5,0.5845
Model College of Hair Design,,10915.0,,,0.8207,,,,,,,,17450.0,10.0,,,,,27754.0,0.5845
Minnesota State University Moorhead,16893.0,,9149.0,0.6368,0.564,,,,,,1074.0,253.0,,,,,1000.0,1.0,47975.5,0.5845
North Hennepin Community College,10284.0,,8082.0,0.4459,0.2488,,,,,,,1727.0,,,,,1000.0,,36066.0,0.5845
Normandale Community College,12620.0,,8112.0,0.4661,0.199,,,,,,,2730.0,,,,,1000.0,,36066.0,0.5845
North Central College,,24786.0,8552.0,0.5032,0.6475,,,,,,273.0,37.0,,,,,1200.0,1.0,47975.5,0.5845
Northland Community and Technical College,10860.0,,7990.0,0.596,0.352,,,,,,,1103.0,,,,,1000.0,,36066.0,0.5845
University of Northwestern-St Paul,,21871.0,6378.0,1.0,0.3721,,,,,,149.0,1598.0,,,,,500.0,1.0,47975.5,0.5845
Northwestern Health Sciences University,,,5603.0,0.5659,0.4878,,,,,,737.0,142.0,,,,,1000.0,,27754.0,0.5845
Oak Hills Christian College,,16154.0,4283.0,0.8182,0.6122,,,,,,,8.0,,,,,800.0,1.0,47975.5,0.5845
Rainy River Community College,8071.0,,7745.0,,0.2585,,,,,,,69.0,,,,,800.0,,36066.0,0.5845
Rochester Community and Technical College,14088.0,,8321.0,0.4744,0.2999,,,,,,,1159.0,,,,,1600.0,,36066.0,0.5845
College of Saint Benedict,,25785.0,8603.0,0.8402,0.6706,,,,,,,12.0,,,,,1000.0,1.0,47975.5,0.5845
St Cloud Technical and Community College,9019.0,,7974.0,0.5082,0.3741,,,,,,,533.0,,,,,1200.0,,36066.0,0.5845
Saint Cloud State University,14267.0,,9939.0,0.6269,0.3996,,,,,,1703.0,3271.0,,,,,1200.0,1.0,47975.5,0.5845
Saint Johns University,,24271.0,8624.0,0.8364,0.6263,,,,,,98.0,14.0,,,,,1000.0,1.0,47975.5,0.5845
Saint Mary's University of Minnesota,,19514.0,7035.0,0.2153,0.5666,,,,,,4081.0,19.0,,,,,1600.0,1.0,47975.5,0.5845
St Olaf College,,23543.0,8783.0,0.7,0.5036,,,,,,,39.0,,,,,1000.0,1.0,47975.5,0.5845
Crown College,,26396.0,5418.0,0.2362,0.5174,,,,,,362.0,392.0,,,,,1316.0,1.0,47975.5,0.5845
The College of Saint Scholastica,,24066.0,7180.0,0.5469,0.6425,,,,,,1425.0,37.0,,,,,1150.0,5.0,47975.5,0.5845
St. Thomas University,,18374.0,9657.0,1.0,0.1944,,,,,,1724.0,1727.0,,,,,850.0,1.0,47975.5,0.5845
Empire Beauty School-Bloomington,,15193.0,,,0.5247,,,,,,,,21738.0,11.0,,,,,27754.0,0.5845
St Catherine University,,19078.0,7313.0,0.4786,0.689,,,,,,1248.0,46.0,,,,,1000.0,1.0,47975.5,0.5845
Rasmussen University-Minnesota,,18586.0,6008.0,0.2883,0.7623,,,,,,49.0,34.0,,,,,180.0,,36066.0,0.5845
Saint Paul College,11613.0,,7844.0,0.4917,0.2269,,,,,,,1700.0,,,,,1200.0,,27754.0,0.5845
Southwest Minnesota State University,14397.0,,9491.0,0.498,0.1762,,,,,,422.0,4709.0,,,,,1200.0,1.0,47975.5,0.5845
Summit Academy Opportunities Industrialization Center,,9092.0,,,0.0,,,,,,,,6750.0,5.0,,,,,27754.0,0.5845
United Theological Seminary of the Twin Cities,,,5121.0,0.9,,,,,,,118.0,,,,,,,,,0.5845
Vermilion Community College,14154.0,,7621.0,0.4706,0.4576,,,,,,,192.0,,,,,1000.0,,36066.0,0.5845
Dunwoody College of Technology,,24488.0,6333.0,0.5528,0.8291,,,,,,,20.0,,,,,791.0,2.0,36066.0,0.5845
Ridgewater College,11764.0,,7909.0,0.5976,0.3445,,,,,,,669.0,,,,,1200.0,,36066.0,0.5845
Minnesota State College Southeast,13824.0,,8051.0,0.5169,0.3254,,,,,,,793.0,,,,,1000.0,,27754.0,0.5845
Winona State University,17656.0,,9301.0,0.6257,0.5888,,,,,,627.0,178.0,,,,,900.0,1.0,47975.5,0.5845
Mitchell Hamline School of Law,,,3532.0,0.1238,,,,,,,1168.0,,,,,,,,,0.5845
Century College,10808.0,,8313.0,0.4191,0.2709,,,,,,,1426.0,,,,,1200.0,,36066.0,0.5845
Alcorn State University,14836.0,,6415.0,0.749,0.7268,,,,,,454.0,189.0,,,,,1586.0,1.0,47975.5,0.5845
Belhaven University,,17439.0,4410.0,0.1277,0.694,,,,,,2205.0,129.0,,,,,650.0,2.0,47975.5,0.5845
Blue Mountain College,,12483.0,5337.0,0.6667,0.5832,,,,,,20.0,164.0,,,,,1200.0,1.0,47975.5,0.5845
Chris Beauty College,,20052.0,,,0.0,,,,,,,,13350.0,13.0,,,,,27754.0,0.5845
Coahoma Community College,1004.0,,5112.0,0.7477,0.0,,,,,,,365.0,,,,,900.0,,36066.0,0.5845
Copiah-Lincoln Community College,3714.0,,4733.0,1.0,0.1529,,,,,,,798.0,,,,,1350.0,,36066.0,0.5845
Delta State University,13132.0,,6485.0,0.6107,0.4033,,,,,,642.0,871.0,,,,,1500.0,1.0,47975.5,0.5845
East Central Community College,4999.0,,5360.0,0.5379,0.1525,,,,,,,583.0,,,,,1480.0,,36066.0,0.5845
East Mississippi Community College,6039.0,,6027.0,0.4484,0.2679,,,,,,,780.0,,,,,1200.0,,36066.0,0.5845
Fosters Cosmetology College,,14270.0,,,0.3333,,,,,,,,14700.0,13.0,,,,,27754.0,0.5845
Academy of Hair Design-Grenada,,18174.0,,,0.7273,,,,,,,,15350.0,12.0,,,,,27754.0,0.5845
Hinds Community College,3757.0,,5112.0,0.9976,0.3324,,,,,,,3302.0,,,,,1360.0,,27754.0,0.5845
Holmes Community College,4321.0,,6113.0,1.0,0.1492,,,,,,,967.0,,,,,2400.0,,36066.0,0.5845
Itawamba Community College,5107.0,,6798.0,0.4966,0.1505,,,,,,,765.0,,,,,1450.0,,36066.0,0.5845
Jacksonville State University,15559.0,,7269.0,0.6903,0.61,,,,,,1272.0,1006.0,,,,,1204.0,1.0,47975.5,0.5845
Jones County Junior College,4673.0,,5615.0,0.8343,0.1165,,,,,,,720.0,,,,,900.0,,36066.0,0.5845
Meridian Community College,5940.0,,5048.0,0.6175,0.099,,,,,,,440.0,,,,,2000.0,,36066.0,0.5845
Millsaps College,,23821.0,7904.0,0.7611,0.609,,,,,,41.0,9.0,,,,,1200.0,1.0,47975.5,0.5845
Mississippi Delta Community College,2819.0,,5748.0,0.6387,0.0,,,,,,,571.0,,,,,1400.0,,36066.0,0.5845
University of Mississippi,14016.0,,9294.0,0.8406,0.3624,,,,,,4467.0,218.0,,,,,1100.0,1.0,47975.5,0.5845
Mississippi University for Women,12054.0,,6325.0,0.6581,0.5369,,,,,,217.0,360.0,,,,,1600.0,1.0,47975.5,0.5845
Mississippi Valley State University,16394.0,,5845.0,0.7019,0.7876,,,,,,314.0,287.0,,,,,2000.0,1.0,47975.5,0.5845
Southwest Mississippi Community College,3834.0,,6231.0,1.0,0.0,,,,,,,258.0,,,,,400.0,,36066.0,0.5845
Mississippi College of Beauty Culture,,17397.0,,,0.4186,,,,,,,,16170.0,14.0,,,,,27754.0,0.5845
Mississippi Gulf Coast Community College,8503.0,,5592.0,0.6324,0.2722,,,,,,,1374.0,,,,,960.0,,36066.0,0.5845
Mississippi Valley State University,16394.0,,5845.0,0.7019,0.7876,,,,,,314.0,287.0,,,,,2000.0,1.0,47975.5,0.5845
Northeast Mississippi Community College,8307.0,,5382.0,0.7791,0.1811,,,,,,,450.0,,,,,150.0,,36066.0,0.5845
Northwest Mississippi Community College,6009.0,,5632.0,0.5392,0.1317,,,,,,,1788.0,,,,,1700.0,,36066.0,0.5845
Pearl River Community College,6114.0,,5143.0,1.0,0.2727,,,,,,,307.0,,,,,1300.0,,36066.0,0.5845
Rust College,,11317.0,4515.0,0.92,0.8487,,,,,,,,,,,,250.0,2.0,47975.5,0.5845
Southeastern Free Will Baptist Bible College,,13652.0,4902.0,,0.2857,,,,,,,1.0,,,,,1200.0,,47975.5,0.5845
Southwest Mississippi Community College,3834.0,,6231.0,1.0,0.0,,,,,,,258.0,,,,,400.0,,36066.0,0.5845
University of Southern Mississippi,14923.0,,7841.0,0.9878,0.5779,,,,,,2539.0,73.0,,,,,1500.0,1.0,47975.5,0.5845
Magnolia College of Cosmetology,,11490.0,,,0.8519,,,,,,,,15500.0,15.0,,,,,27754.0,0.5845
Tougaloo College,,14609.0,4755.0,0.7407,0.77,,,,,,8.0,5.0,,,,,1400.0,1.0,47975.5,0.5845
Vaughn Beauty College,,8381.0,,,0.0,,,,,,,,8975.0,10.0,,,,,27754.0,0.5845
Wesley Biblical Seminary,,,4593.0,,,,,,,,137.0,,,,,,,,,0.5845
William Carey University,,13000.0,6471.0,0.5618,0.4617,,,,,,1830.0,1147.0,,,,,1200.0,1.0,47975.5,0.5845
Aquinas Institute of Theology,,,4250.0,0.4444,,,,,,,118.0,,,,,,,,,0.5845
Avila University,,17048.0,6172.0,0.318,0.8636,,,,,,373.0,18.0,,,,,1088.0,1.0,47975.5,0.5845
Clarks Summit University,,16313.0,4293.0,1.0,0.4906,,,,,,235.0,,,,,,1000.0,2.0,47975.5,0.5845
House of Heavilin Beauty College-Blue Springs,,22741.0,,,0.5041,,,,,,,,18925.0,13.0,,,,,27754.0,0.5845
Cox College,,24746.0,7134.0,0.6627,0.7582,,,,,,228.0,1.0,,,,,1700.0,2.0,47975.5,0.5845
Calvary University,,16426.0,3321.0,0.7381,0.3855,,,,,,82.0,59.0,,,,,794.0,1.0,47975.5,0.5845
Cape Girardeau Career and Technology Center,11651.0,,,,0.2819,,,,,,,,9595.0,12.0,,,,,27754.0,0.5845
Central Christian College of the Bible,,14118.0,3971.0,0.5517,0.6197,,,,,,,7.0,,,,,1240.0,,47975.5,0.5845
Central Methodist University-College of Liberal Arts and Sciences,,21082.0,6388.0,1.0,0.743,,,,,,,1.0,,,,,1000.0,1.0,47975.5,0.5845
University of Central Missouri,13677.0,,7528.0,0.9978,0.4859,,,,,,2325.0,1368.0,,,,,1250.0,1.0,47975.5,0.5845
Grand River Technical School,4075.0,,,,0.0,,,,,,,,6654.0,9.0,,,,3.0,27754.0,0.5845
Cleveland University-Kansas City,,35746.0,5199.0,0.593,1.0,,,,,,516.0,,,,,,1358.0,2.0,47975.5,0.5845
Fortis College-Columbia,,20445.0,5781.0,0.1143,0.7026,,,,,,,,,,,,1070.0,,27754.0,0.5845
Conception Seminary College,,34801.0,4666.0,,0.1719,,,,,,,4.0,,,,,650.0,1.0,47975.5,0.5845
Concordia Theological Seminary,,,5831.0,0.9167,,,,,,,313.0,,,,,,,,,0.5845
Cottey College,,18322.0,6591.0,1.0,0.5683,,,,,,,,,,,,1100.0,1.0,36066.0,0.5845
Covenant Theological Seminary,,,6041.0,1.0,,,,,,,522.0,,,,,,,,,0.5845
Crowder College,5080.0,,4759.0,0.3579,0.1533,,,,,,,1497.0,,,,,1200.0,,36066.0,0.5845
Culver-Stockton College,,20919.0,5639.0,0.5778,0.803,,,,,,39.0,46.0,,,,,1100.0,1.0,47975.5,0.5845
Drury University,,18419.0,7547.0,1.0,0.545,,,,,,264.0,2.0,,,,,1200.0,1.0,47975.5,0.5845
East Central Community College,4999.0,,5360.0,0.5379,0.1525,,,,,,,583.0,,,,,1480.0,,36066.0,0.5845
Eden Theological Seminary,,,6754.0,1.0,,,,,,,115.0,,,,,,,,,0.5845
Evangel University,,22837.0,6391.0,0.4696,0.9337,,,,,,507.0,45.0,,,,,1096.0,3.0,47975.5,0.5845
Fontbonne University,,15961.0,7259.0,0.3953,0.6566,,,,,,331.0,11.0,,,,,1000.0,1.0,47975.5,0.5845
Four Rivers Career Center,15951.0,,,,0.8788,,,,,,,,,,,,0.0,,27754.0,0.5845
Ozarks Technical Community College,7908.0,,5777.0,0.2727,0.5471,,,,,,,2187.0,,,,,800.0,,36066.0,0.5845
Hannibal-LaGrange University,,20256.0,5179.0,1.0,0.4944,,,,,,57.0,141.0,,,,,770.0,1.0,47975.5,0.5845
Harris-Stowe State University,10551.0,,6046.0,0.2143,0.7331,,,,,,,13.0,,,,,800.0,,47975.5,0.5845
House of Heavilin Beauty College-Kansas City,,25753.0,,,0.5122,,,,,,,,18925.0,12.0,,,,,27754.0,0.5845
Summit Salon Academy Kansas City,,13019.0,,,0.5493,,,,,,,,18382.0,11.0,,,,,27754.0,0.5845
Washington & Jefferson College,,26427.0,8262.0,0.7434,0.8503,,,,,,3.0,16.0,,,,,800.0,2.0,47975.5,0.5845
Paul Mitchell the School-Missouri Columbia,,11186.0,,,0.6707,,,,,,,,16875.0,11.0,,,,,27754.0,0.5845
Barnes-Jewish College Goldfarb School of Nursing,,,6771.0,0.5347,0.8185,,,,,,94.0,,,,,,,,47975.5,0.5845
Kansas City Art Institute,,30452.0,7490.0,0.4912,0.6617,,,,,,,2.0,,,,,2000.0,3.0,47975.5,0.5845
Kenrick Glennon Seminary,,,2904.0,0.6,,,,,,,85.0,,,,,,,,,0.5845
A T Still University of Health Sciences,,,9756.0,0.2909,,,,,,,3857.0,,,,,,,,,0.5845
Lake Career and Technical Center,3366.0,,,,0.0,,,,,,,,,,,,425.0,,27754.0,0.5845
Lex La-Ray Technical Center,6784.0,,,,0.3729,,,,,,,,16351.0,11.0,,,,2.0,27754.0,0.5845
Lincoln University,7830.0,,5806.0,0.7173,0.6475,,,,,,113.0,590.0,,,,,2000.0,,47975.5,0.5845
Lindenwood University,,17491.0,7756.0,1.0,0.6211,,,,,,2738.0,133.0,,,,,1250.0,5.0,47975.5,0.5845
State Technical College of Missouri,12926.0,,5348.0,0.7015,0.4745,,,,,,,181.0,,,,,985.0,,36066.0,0.5845
Logan University,,13518.0,6871.0,0.4056,0.6601,,,,,,1408.0,37.0,,,,,960.0,5.0,47975.5,0.5845
Metropolitan Community College-Kansas City,7066.0,,7248.0,1.0,0.0762,,,,,,,2686.0,,,,,1600.0,,36066.0,0.5845
Lutheran School of Nursing,,12167.0,,,0.6848,,,,,,,,,,,,1847.0,1.0,27754.0,0.5845
Maryville University of Saint Louis,,29064.0,8655.0,0.1846,0.7863,,,,,,5559.0,103.0,,,,,,5.0,47975.5,0.5845
Merrell University of Beauty Arts and Science,,8530.0,,,0.4681,,,,,,,,15150.0,13.0,,,,,27754.0,0.5845
Midwest Institute,,20157.0,3919.0,0.4348,0.5801,,,,,,,,15030.0,8.0,,,,3.0,27754.0,0.5845
Midwestern Baptist Theological Seminary,,19878.0,3376.0,0.2182,0.3481,,,,,,2368.0,2.0,,,,,1248.0,5.0,47975.5,0.5845
Mineral Area College,9270.0,,5218.0,0.3659,0.1487,,,,,,,844.0,,,,,2000.0,,36066.0,0.5845
Missouri Baptist University,,20444.0,6170.0,0.2211,0.2917,,,,,,873.0,2672.0,,,,,1298.0,1.0,47975.5,0.5845
Missouri Southern State University,9625.0,,6115.0,0.5771,0.4551,,,,,,129.0,736.0,,,,,827.0,1.0,47975.5,0.5845
Missouri Valley College,,19396.0,4639.0,0.6259,0.5127,,,,,,28.0,367.0,,,,,2950.0,1.0,47975.5,0.5845
Missouri Western State University,10958.0,,6651.0,0.629,0.3882,,,,,,241.0,1263.0,,,,,1000.0,,47975.5,0.5845
University of Missouri-Columbia,16001.0,,9621.0,0.7102,0.3804,,,,,,7425.0,656.0,,,,,1260.0,1.0,47975.5,0.5845
DeVry University-Missouri,,20629.0,7411.0,,0.5326,,,,,,9.0,,,,,,400.0,2.0,47975.5,0.5845
Missouri University of Science and Technology,14262.0,,10627.0,0.8074,0.4853,,,,,,1634.0,58.0,,,,,676.0,5.0,47975.5,0.5845
University of Missouri-St Louis,9435.0,,8918.0,0.5241,0.2793,,,,,,2962.0,6323.0,,,,,1000.0,1.0,47975.5,0.5845
Moberly Area Community College,7143.0,,5302.0,0.2782,0.1982,,,,,,,1383.0,,,,,1500.0,,36066.0,0.5845
Nazarene Theological Seminary,,,6421.0,1.0,,,,,,,230.0,,,,,,,,,0.5845
Neosho Beauty College,,10394.0,,,0.6346,,,,,,,,12297.0,13.0,,,,,27754.0,0.5845
Truman State University,12462.0,,7265.0,0.8939,0.3855,,,,,,292.0,555.0,,,,,1000.0,1.0,47975.5,0.5845
Northwest Missouri State University,12354.0,,7382.0,0.7826,0.5433,,,,,,1394.0,445.0,,,,,400.0,1.0,47975.5,0.5845
Ozark Christian College,,15138.0,4939.0,0.5965,0.5148,,,,,,,14.0,,,,,800.0,1.0,47975.5,0.5845
College of the Ozarks,,11349.0,7588.0,0.6857,0.0,,,,,,,21.0,,,,,1100.0,1.0,47975.5,0.5845
DeVry University-Illinois,,28551.0,8008.0,0.0479,0.762,,,,,,4032.0,198.0,,,,,400.0,2.0,47975.5,0.5845
